dataset_id,snippet_id,method_name,file,parameters,ifStatements,loops,assignmentExpressions,commas,periods,spaces,comparisons,parenthesis,literals,statements,volume,tokenEntropy,#identifiers,avgConditionals,avgLoops,avgAssignmentExpressions,avgComparisons,avgComments,avgArithmeticOperators,avgConditionals,avgIdentifierLength,#keywords (avg),avgCommas,avgParenthesis,avgPeriods,avgSpaces,avgLineLength,avgIndentation,avgBlankLines,avgNumbers,#identifiers (avg),#nested blocks (avg),maxNumbers,maxIdentifierLength,maxIndentation,maxLineLength,#keywords (max),#identifiers (max),#words (max),#identifiers (min),#assignments (dft),#commas (dft),#comparisons (dft),#comments (dft),#conditionals (dft),#identifiers (dft),#keywords (dft),#loops (dft),#numbers (dft),#operators (dft),#parenthesis (dft),#periods (dft),#spaces (dft),Indentation length (dft),Line length (dft)
6,3-HibernateORM,execute,ds_6_snip_3$HibernateORM_execute.java,2,4,3,13,19,34,867,6,92,14,54,875.8947356819725,1.7498026925951056,123,0.07547169811320754,0.05660377358490566,0.24528301886792453,0.11320754716981132,0.1320754716981132,0.0,0.07547169811320754,10.975609756097562,0.49056603773584906,0.3584905660377358,1.7358490566037736,0.6415094339622641,16.358490566037737,48.905660377358494,14.264150943396226,0.0,0.09433962264150944,2.3207547169811322,0.32075471698113206,1,38,28.0,125.0,3,7,34,1,21,21,21,21,21,21,21,21,21,21,21,21,21,21,21
6,1-SpringBatch,testFailureAndRecovery,ds_6_snip_1$SpringBatch_testFailureAndRecovery.java,0,0,0,3,9,15,692,0,72,7,34,524.7383858254162,1.594128118019817,84,0.0,0.0,0.07317073170731707,0.0,0.07317073170731707,0.024390243902439025,0.0,9.928571428571429,0.6585365853658537,0.20454545454545456,1.6363636363636365,0.3409090909090909,15.727272727272727,40.95454545454545,14.0,0.06818181818181818,0.04878048780487805,2.048780487804878,0.14634146341463414,1,46,28.0,112.0,3,5,31,1,21,21,1,21,1,21,21,1,21,21,21,21,21,21,21
6,1-OpenCMSCore,createContextMenu,ds_6_snip_1$OpenCMSCore_createContextMenu.java,1,0,0,1,6,27,153,0,118,0,28,689.1356238471665,3.0899430637308805,126,0.0,0.0,0.034482758620689655,0.0,0.06896551724137931,0.0,0.0,10.547619047619047,0.2413793103448276,0.20689655172413793,4.068965517241379,0.9310344827586207,5.275862068965517,59.689655172413794,3.7241379310344827,0.0,0.0,4.344827586206897,0.0,0,41,4.0,278.0,5,5,18,1,21,20,1,21,1,21,20,1,1,1,20,20,20,20,20
6,5-CarReport,downloadFile,ds_6_snip_5$CarReport_downloadFile.java,0,3,0,4,6,12,262,1,52,5,29,341.2150500951926,2.5885330746068798,55,0.1111111111111111,0.0,0.14814814814814814,0.037037037037037035,0.1111111111111111,0.037037037037037035,0.1111111111111111,8.945454545454545,0.7407407407407407,0.2222222222222222,1.9259259259259258,0.4444444444444444,9.703703703703704,34.25925925925926,7.555555555555555,0.0,0.0,2.037037037037037,0.2962962962962963,0,34,16.0,97.0,3,8,19,1,21,20,21,21,21,21,20,1,1,21,20,20,20,20,20
6,4-K9,StorageManager,ds_6_snip_4$K9_StorageManager.java,1,2,1,3,0,0,0,1,0,2,13,178.37726474549189,-0.0,34,0.14285714285714285,0.07142857142857142,0.21428571428571427,0.07142857142857142,0.2857142857142857,0.0,0.14285714285714285,10.264705882352942,0.0,0.0,0.0,0.0,0.0,0.0,0.0,0.06666666666666667,0.0,2.4285714285714284,0.21428571428571427,0,23,0.0,0.0,0,5,1,1,21,1,21,21,21,21,1,21,1,21,1,1,1,1,1
6,1-HibernateORM,getOverriddenColumn,ds_6_snip_1$HibernateORM_getOverriddenColumn.java,1,2,0,2,1,2,65,2,14,5,8,106.6059378176129,2.839778027988233,18,0.2222222222222222,0.0,0.2222222222222222,0.2222222222222222,4.111111111111111,0.0,0.2222222222222222,12.333333333333334,0.4444444444444444,0.1111111111111111,1.5555555555555556,0.2222222222222222,7.222222222222222,34.55555555555556,4.888888888888889,0.0,0.0,2.0,0.2222222222222222,0,44,12.0,76.0,1,4,16,1,20,20,20,21,20,21,20,1,1,20,20,20,20,20,21
6,1-EstimatorUtils,getMinMax,ds_6_snip_1$EstimatorUtils_getMinMax.java,3,6,1,13,2,18,412,4,60,7,35,515.0,2.279576571835267,77,0.16666666666666666,0.027777777777777776,0.3611111111111111,0.1111111111111111,0.08333333333333333,0.0,0.16666666666666666,8.03896103896104,0.5833333333333334,0.05555555555555555,1.6666666666666667,0.5,11.444444444444445,34.72222222222222,9.333333333333334,0.0,0.1111111111111111,2.138888888888889,0.25,1,36,24.0,94.0,5,6,27,1,21,21,21,21,21,21,21,21,20,21,21,21,21,21,21
6,2-SpringBatch,testArtifactUniqueness,ds_6_snip_2$SpringBatch_testArtifactUniqueness.java,0,0,0,10,19,18,123,0,60,36,20,549.4459868550367,2.964255489562477,62,0.0,0.0,0.47619047619047616,0.0,0.14285714285714285,0.0,0.0,10.064516129032258,0.19047619047619047,0.9047619047619048,2.857142857142857,0.8571428571428571,5.857142857142857,44.0,3.619047619047619,0.0,0.0,2.9523809523809526,0.0,0,46,4.0,69.0,3,4,11,1,20,20,1,20,1,20,20,1,1,1,20,20,20,20,20
6,4-SpringBatch,testCustomRecordSeparatorMultilineBlankLineAfterEnd,ds_6_snip_4$SpringBatch_testCustomRecordSeparatorMultilineBlankLineAfterEnd.java,0,1,0,1,2,7,215,0,32,5,15,218.26124091941205,2.212680216558162,41,0.041666666666666664,0.0,0.041666666666666664,0.0,0.16666666666666666,0.0,0.041666666666666664,10.804878048780488,0.5,0.07142857142857142,1.1428571428571428,0.25,7.678571428571429,27.321428571428573,6.428571428571429,0.14285714285714285,0.0,1.7083333333333333,0.041666666666666664,0,75,16.0,84.0,3,4,19,1,21,20,1,21,21,21,20,1,1,1,20,20,20,20,19
6,1-ModelPerformanceChart,performRequest,ds_6_snip_1$ModelPerformanceChart_performRequest.java,1,3,0,8,2,26,479,1,50,14,34,510.51828077743465,1.7211352104290485,66,0.08333333333333333,0.0,0.2222222222222222,0.027777777777777776,0.1111111111111111,0.027777777777777776,0.08333333333333333,8.863636363636363,0.4444444444444444,0.05405405405405406,1.3513513513513513,0.7027027027027027,12.945945945945946,34.270270270270274,11.45945945945946,0.02702702702702703,0.08333333333333333,1.8333333333333333,0.19444444444444445,2,48,24.0,77.0,2,7,27,1,21,21,21,21,21,21,21,1,21,20,21,21,21,21,21
6,2-MyExpenses,getContentProviderOperationsForCreate,ds_6_snip_2$MyExpenses_getContentProviderOperationsForCreate.java,3,16,0,22,9,45,550,18,132,21,62,1215.8011542003917,3.107119193947107,141,0.25806451612903225,0.0,0.3548387096774194,0.2903225806451613,0.04838709677419355,0.016129032258064516,0.25806451612903225,7.808510638297872,0.5806451612903226,0.14516129032258066,2.129032258064516,0.7258064516129032,8.870967741935484,33.774193548387096,6.451612903225806,0.0,0.11290322580645161,2.274193548387097,0.2903225806451613,1,60,16.0,144.0,3,7,18,1,21,21,21,21,21,21,21,1,21,21,20,20,1,21,21
6,1-Pom,HealthReport,ds_6_snip_1$Pom_HealthReport.java,3,9,0,13,0,0,0,9,0,10,36,370.8812251687506,-0.0,46,0.2903225806451613,0.0,0.41935483870967744,0.2903225806451613,0.03225806451612903,0.0,0.2903225806451613,10.478260869565217,0.0,0.0,0.0,0.0,0.0,0.0,0.0,0.03125,0.25806451612903225,1.4838709677419355,0.25806451612903225,1,25,0.0,0.0,0,6,1,1,21,1,21,21,21,21,1,1,21,21,1,1,1,1,1
6,1-Antlr4Master,analyze,ds_6_snip_1$Antlr4Master_analyze.java,3,3,3,6,10,17,225,0,60,6,24,572.0240989653507,3.0624780981848025,90,0.12,0.12,0.24,0.0,0.24,0.28,0.12,9.233333333333333,0.48,0.4,2.4,0.68,9.0,49.64,6.4,0.0,0.0,3.6,0.24,0,32,12.0,145.0,2,9,19,1,21,20,1,21,21,21,20,21,1,21,20,20,20,20,21
6,2-CarReport,onCreate,ds_6_snip_2$CarReport_onCreate.java,1,0,0,7,7,43,304,0,82,1,29,794.7188032334268,2.7342063611702954,126,0.0,0.0,0.18421052631578946,0.0,0.21052631578947367,0.0,0.0,9.722222222222221,0.47368421052631576,0.16279069767441862,1.9069767441860466,1.0,7.069767441860465,41.30232558139535,5.5813953488372094,0.11627906976744186,0.0,3.3157894736842106,0.0,0,33,12.0,102.0,5,8,19,1,21,21,1,21,1,21,21,1,1,1,21,21,21,21,21
6,1-ClassifierPerformanceEvaluatorCustomizer,addButtons,ds_6_snip_1$ClassifierPerformanceEvaluatorCustomizer_addButtons.java,0,4,1,6,4,16,410,4,62,12,30,494.2667786696707,2.1129174875132137,67,0.10810810810810811,0.02702702702702703,0.16216216216216217,0.10810810810810811,0.02702702702702703,0.02702702702702703,0.10810810810810811,9.447761194029852,0.40540540540540543,0.10256410256410256,1.5897435897435896,0.41025641025641024,10.512820512820513,32.43589743589744,8.923076923076923,0.05128205128205128,0.13513513513513514,1.8108108108108107,0.13513513513513514,2,63,20.0,104.0,2,6,23,1,21,21,21,21,21,21,21,21,21,21,21,21,21,21,21
6,3-K9,open,ds_6_snip_3$K9_open_withXoauth2Extension_shouldThrowOnMultipleFailure.java,0,0,0,2,3,22,132,0,48,16,26,406.3373625190581,2.687081864490517,58,0.0,0.0,0.07692307692307693,0.0,0.11538461538461539,0.07692307692307693,0.0,11.293103448275861,0.23076923076923078,0.11538461538461539,1.8461538461538463,0.8461538461538461,5.076923076923077,33.88461538461539,4.153846153846154,0.0,0.0,2.230769230769231,0.07692307692307693,0,69,8.0,115.0,3,6,10,1,21,20,1,21,1,21,20,1,1,21,20,20,20,20,20
6,2-K9,getInstance,ds_6_snip_2$K9_getInstance.java,2,7,0,6,7,9,229,3,50,10,25,406.3373625190581,3.013937659757934,58,0.2916666666666667,0.0,0.25,0.125,0.125,0.041666666666666664,0.2916666666666667,9.844827586206897,1.0,0.2916666666666667,2.0833333333333335,0.375,9.541666666666666,41.625,6.666666666666667,0.0,0.0,2.4166666666666665,0.2916666666666667,0,27,12.0,188.0,4,6,21,1,21,20,21,21,21,21,20,1,1,21,20,20,20,20,20
6,4-CarReport,showFullScreenChart,ds_6_snip_4$CarReport_showFullScreenChart.java,2,2,0,10,18,46,241,2,90,8,33,959.3605506427305,3.708821419206915,134,0.05555555555555555,0.0,0.2777777777777778,0.05555555555555555,0.3333333333333333,0.05555555555555555,0.05555555555555555,11.962686567164178,0.3333333333333333,0.4864864864864865,2.4324324324324325,1.2432432432432432,6.513513513513513,56.891891891891895,4.54054054054054,0.02702702702702703,0.0,3.7222222222222223,0.05555555555555555,0,41,12.0,440.0,2,8,17,1,21,21,21,21,21,21,21,1,1,21,21,21,21,21,21
6,2-Pom,,ds_6_snip_2$Pom__getRuns.java,0,6,0,6,1,6,373,4,34,5,29,252.00903761466387,1.6918032228693594,37,0.2,0.0,0.2,0.13333333333333333,0.2,0.0,0.2,9.18918918918919,0.43333333333333335,0.03333333333333333,1.1333333333333333,0.2,12.433333333333334,29.433333333333334,10.933333333333334,0.0,0.0,1.2333333333333334,0.3,0,24,20.0,55.0,1,4,24,1,21,20,21,21,21,21,20,1,1,21,20,20,20,20,21
6,1-MyExpenses,contribFeatureCalled,ds_6_snip_1$MyExpenses_contribFeatureCalled.java,2,3,0,6,14,24,454,4,68,12,28,681.4099112789905,2.0840681323245844,90,0.12121212121212122,0.0,0.18181818181818182,0.12121212121212122,0.09090909090909091,0.06060606060606061,0.12121212121212122,9.255555555555556,0.36363636363636365,0.42424242424242425,2.0606060606060606,0.7272727272727273,13.757575757575758,45.93939393939394,11.636363636363637,0.0,0.09090909090909091,2.727272727272727,0.030303030303030304,1,43,16.0,277.0,2,7,24,1,21,21,21,21,21,21,21,1,21,21,21,21,21,21,21
6,3-OpenCMSCore,execute,ds_6_snip_3$OpenCMSCore_execute.java,1,6,2,7,3,24,669,4,74,9,48,655.6648561125455,1.6601821635114804,90,0.1276595744680851,0.0425531914893617,0.14893617021276595,0.0851063829787234,0.23404255319148937,0.0,0.1276595744680851,7.455555555555556,0.425531914893617,0.06382978723404255,1.574468085106383,0.5106382978723404,14.23404255319149,34.02127659574468,12.680851063829786,0.0,0.0851063829787234,1.9148936170212767,0.2978723404255319,1,31,20.0,85.0,2,8,22,1,21,21,21,21,21,21,21,21,21,21,21,21,21,21,21
6,2-Antlr4Master,process,ds_6_snip_2$Antlr4Master_process.java,0,5,1,24,8,38,530,3,88,12,54,1146.490856996519,2.9890053707081097,146,0.09433962264150944,0.018867924528301886,0.4528301886792453,0.05660377358490566,0.07547169811320754,0.07547169811320754,0.09433962264150944,8.73972602739726,0.4716981132075472,0.1509433962264151,1.6603773584905661,0.7169811320754716,10.0,41.15094339622642,7.471698113207547,0.0,0.03773584905660377,2.7547169811320753,0.2641509433962264,1,32,16.0,97.0,3,8,20,1,21,21,21,21,21,21,21,21,21,21,21,21,21,21,21
6,4-HibernateORM,extractSequenceValue,ds_6_snip_4$HibernateORM_extractSequenceValue.java,1,1,0,6,0,14,321,0,42,1,23,346.3632158872766,2.0770035226652133,59,0.038461538461538464,0.0,0.23076923076923078,0.0,0.07692307692307693,0.0,0.038461538461538464,9.983050847457626,0.6538461538461539,0.0,1.5,0.5,11.464285714285714,37.607142857142854,9.714285714285714,0.07142857142857142,0.038461538461538464,2.269230769230769,0.11538461538461539,1,45,16.0,134.0,3,5,21,1,21,1,1,21,21,21,20,1,21,1,20,20,20,20,20
6,4-Phoenix,process,ds_6_snip_4$Phoenix_process.java,0,5,1,12,7,41,653,5,88,11,61,912.7035120231265,2.149178978275029,122,0.0847457627118644,0.01694915254237288,0.2033898305084746,0.0847457627118644,0.06779661016949153,0.01694915254237288,0.0847457627118644,8.918032786885245,0.3898305084745763,0.11864406779661017,1.4915254237288136,0.6949152542372882,11.067796610169491,35.33898305084746,9.423728813559322,0.0,0.03389830508474576,2.0677966101694913,0.22033898305084745,1,30,20.0,133.0,2,8,21,1,21,21,21,21,21,21,20,21,21,21,21,21,21,21,20
6,3-Phoenix,configure,ds_6_snip_3$Phoenix_configure.java,1,4,2,14,10,46,299,0,82,9,41,894.0,2.980690870146354,126,0.0975609756097561,0.04878048780487805,0.34146341463414637,0.0,0.07317073170731707,0.0,0.0975609756097561,10.079365079365079,0.36585365853658536,0.24390243902439024,2.0,1.1219512195121952,7.2926829268292686,45.048780487804876,5.560975609756097,0.0,0.0,3.073170731707317,0.1951219512195122,0,29,12.0,108.0,2,7,15,1,21,21,1,21,21,21,21,21,1,1,21,21,21,21,21
6,1-CarReport,save,ds_6_snip_1$CarReport_save.java,0,2,0,4,1,21,243,1,64,3,24,362.1069984276074,2.388797059954655,61,0.07142857142857142,0.0,0.14285714285714285,0.03571428571428571,0.14285714285714285,0.0,0.07142857142857142,10.19672131147541,0.6071428571428571,0.03333333333333333,2.1333333333333333,0.7,8.1,35.733333333333334,6.666666666666667,0.06666666666666667,0.0,2.1785714285714284,0.14285714285714285,0,31,12.0,84.0,2,6,17,1,21,20,21,21,21,21,17,1,1,21,20,20,20,20,21
6,3-Antlr4Master,hasSLLConflictTerminatingPrediction,ds_6_snip_3$Antlr4Master_hasSLLConflictTerminatingPrediction.java,2,3,1,6,2,4,172,1,24,1,17,227.5489532989615,2.5589058930365196,40,0.16666666666666666,0.05555555555555555,0.3333333333333333,0.05555555555555555,0.5555555555555556,0.0,0.16666666666666666,10.9,0.6666666666666666,0.1111111111111111,1.3333333333333333,0.2222222222222222,9.555555555555555,37.0,7.333333333333333,0.0,0.0,2.2222222222222223,0.2222222222222222,0,60,16.0,102.0,3,5,21,1,21,20,21,21,21,21,20,21,1,21,20,20,20,20,20
6,5-Pom,loadClass,ds_6_snip_5$Pom_loadClass.java,2,4,0,5,5,4,305,1,36,11,31,380.39100017307754,2.4743356638480143,53,0.13333333333333333,0.0,0.16666666666666666,0.03333333333333333,0.2,0.3333333333333333,0.13333333333333333,9.11320754716981,0.5333333333333333,0.16666666666666666,1.2,0.13333333333333333,10.166666666666666,32.03333333333333,7.866666666666666,0.0,0.0,1.7666666666666666,0.3,0,25,16.0,105.0,4,5,20,1,21,20,21,21,21,21,20,1,1,21,20,20,20,20,21
6,1-K9,testFetchResponse,ds_6_snip_1$K9_testFetchResponse.java,0,0,0,2,20,50,129,0,144,71,23,983.1622267469419,3.3620399571753685,99,0.0,0.0,0.08333333333333333,0.0,0.125,0.20833333333333334,0.0,9.04040404040404,0.125,0.8333333333333334,6.0,2.0833333333333335,5.375,56.25,3.6666666666666665,0.0,2.125,4.125,0.0,4,32,4.0,77.0,3,6,18,1,21,20,1,21,1,21,20,1,21,21,20,20,20,20,20
6,3-MyExpenses,mergeUpdate,ds_6_snip_3$MyExpenses_mergeUpdate.java,2,14,0,1,1,46,300,12,126,14,45,702.9571963301984,2.653848577475836,100,0.30434782608695654,0.0,0.021739130434782608,0.2608695652173913,0.043478260869565216,0.0,0.30434782608695654,9.11,0.43478260869565216,0.021739130434782608,2.739130434782609,1.0,6.521739130434782,33.34782608695652,5.043478260869565,0.0,0.0,2.1739130434782608,0.30434782608695654,0,34,8.0,92.0,2,6,11,1,21,21,21,21,21,21,21,1,1,21,21,21,21,21,21
6,3-Pom,get,ds_6_snip_3$Pom_get.java,0,1,1,6,7,24,620,1,50,7,31,614.3166219432859,1.9856932499909241,88,0.022222222222222223,0.022222222222222223,0.13333333333333333,0.022222222222222223,0.1111111111111111,0.044444444444444446,0.022222222222222223,6.579545454545454,0.8,0.12727272727272726,0.9090909090909091,0.43636363636363634,11.272727272727273,28.21818181818182,9.6,0.18181818181818182,0.044444444444444446,1.9555555555555555,0.044444444444444446,1,29,20.0,85.0,3,7,27,1,21,21,21,21,21,21,21,21,21,21,21,21,21,21,21
6,1-GeneratorPropertyIteratorPanel,actionPerformed,ds_6_snip_1$GeneratorPropertyIteratorPanel_actionPerformed.java,1,5,1,2,2,19,341,6,62,13,29,370.0,1.8258005953130516,53,0.16666666666666666,0.03333333333333333,0.06666666666666667,0.2,0.13333333333333333,0.0,0.16666666666666666,10.88679245283019,0.36666666666666664,0.06666666666666667,2.066666666666667,0.6333333333333333,11.366666666666667,36.333333333333336,9.866666666666667,0.0,0.1,1.7666666666666666,0.3,1,58,16.0,90.0,2,5,18,1,21,20,21,21,21,21,20,21,21,21,20,20,20,20,21
6,3-SpringBatch,testOperationWithDirectCloseCall,ds_6_snip_3$SpringBatch_testOperationWithDirectCloseCall.java,0,0,0,9,8,19,132,0,56,7,24,442.27665282929956,3.383237018153259,76,0.0,0.0,0.36,0.0,0.24,0.0,0.0,8.552631578947368,0.2,0.32,2.24,0.76,5.28,35.8,3.68,0.0,0.0,3.04,0.0,0,56,4.0,93.0,3,5,10,1,21,20,1,21,1,21,20,1,1,1,20,20,20,20,20
6,1-CheckEstimator,printAttributeSummary,ds_6_snip_1$CheckEstimator_printAttributeSummary.java,2,0,0,12,1,10,411,0,8,12,26,399.5373760419929,1.790276499098721,51,0.05128205128205128,0.0,0.3076923076923077,0.0,0.05128205128205128,0.2564102564102564,0.05128205128205128,6.686274509803922,0.3333333333333333,0.02564102564102564,0.20512820512820512,0.2564102564102564,10.538461538461538,23.846153846153847,8.923076923076923,0.0,0.0,1.3076923076923077,0.05128205128205128,0,48,12.0,67.0,3,3,17,1,21,21,1,21,21,21,21,1,1,21,21,21,21,21,21
6,5-MyExpenses,updateOrClearHeader,ds_6_snip_5$MyExpenses_updateOrClearHeader.java,1,4,0,7,0,9,188,9,36,10,21,410.3426413555973,3.8119096047959986,46,0.18181818181818182,0.0,0.3181818181818182,0.4090909090909091,0.22727272727272727,0.09090909090909091,0.18181818181818182,14.217391304347826,0.7727272727272727,0.0,1.6363636363636365,0.4090909090909091,8.545454545454545,45.90909090909091,5.090909090909091,0.0,0.4090909090909091,2.090909090909091,0.18181818181818182,2,42,12.0,154.0,2,4,17,1,21,1,21,21,21,21,20,1,21,21,20,20,20,20,20
6,5-HibernateORM,collectionInfoString,ds_6_snip_5$HibernateORM_collectionInfoString.java,4,2,0,7,4,19,207,4,46,11,21,468.3296723500879,3.00383465569118,66,0.09090909090909091,0.0,0.3181818181818182,0.18181818181818182,0.22727272727272727,0.0,0.09090909090909091,10.530303030303031,0.36363636363636365,0.18181818181818182,2.090909090909091,0.8636363636363636,9.409090909090908,47.36363636363637,6.7272727272727275,0.0,0.0,3.0,0.18181818181818182,0,45,12.0,177.0,2,7,22,1,21,20,21,21,21,21,20,1,1,21,20,20,20,20,21
6,5-SpringBatch,initWriterForSimpleCallbackTests,ds_6_snip_5$SpringBatch_initWriterForSimpleCallbackTests.java,0,0,0,3,4,10,283,0,40,7,22,267.92506393404227,2.1178172752155637,47,0.0,0.0,0.1111111111111111,0.0,0.07407407407407407,0.0,0.0,11.72340425531915,0.6296296296296297,0.13793103448275862,1.3793103448275863,0.3448275862068966,9.758620689655173,33.89655172413793,8.137931034482758,0.06896551724137931,0.0,1.7407407407407407,0.14814814814814814,0,56,16.0,69.0,3,4,19,1,21,20,1,21,1,21,20,1,1,1,20,20,20,20,20
6,4-MyExpenses,processChar,ds_6_snip_4$MyExpenses_processChar.java,3,8,2,12,7,22,764,12,66,11,42,761.0357175688929,1.80934143530847,103,0.18604651162790697,0.046511627906976744,0.27906976744186046,0.27906976744186046,0.046511627906976744,0.0,0.18604651162790697,5.611650485436893,0.46511627906976744,0.16279069767441862,1.5348837209302326,0.5116279069767442,17.767441860465116,37.58139534883721,15.255813953488373,0.0,0.13953488372093023,2.395348837209302,0.27906976744186046,1,34,28.0,102.0,3,9,33,1,21,21,21,21,21,21,21,21,21,21,21,21,21,21,21
6,2-Phoenix,evaluate,ds_6_snip_2$Phoenix_evaluate.java,2,4,0,6,7,17,150,2,48,8,22,353.2961228838133,3.4405065766671,55,0.17391304347826086,0.0,0.2608695652173913,0.08695652173913043,0.30434782608695654,0.043478260869565216,0.17391304347826086,10.0,0.6521739130434783,0.30434782608695654,2.0869565217391304,0.7391304347826086,6.521739130434782,38.391304347826086,4.3478260869565215,0.0,0.13043478260869565,2.391304347826087,0.17391304347826086,1,28,8.0,115.0,2,5,10,1,21,20,21,21,21,21,20,1,21,21,20,20,20,20,20
6,5-Phoenix,parseOptions,ds_6_snip_5$Phoenix_parseOptions.java,1,4,0,4,3,13,159,0,52,8,23,348.0631942357333,3.296541397548802,51,0.17391304347826086,0.0,0.17391304347826086,0.0,0.13043478260869565,0.2608695652173913,0.17391304347826086,9.862745098039216,0.6521739130434783,0.13043478260869565,2.260869565217391,0.5652173913043478,6.913043478260869,35.30434782608695,4.695652173913044,0.0,0.043478260869565216,2.217391304347826,0.2608695652173913,1,32,8.0,79.0,2,5,15,1,21,20,1,21,21,21,20,1,21,21,20,20,20,20,20
6,4-OpenCMSCore,generateContent,ds_6_snip_4$OpenCMSCore_generateContent.java,4,0,0,6,15,5,85,0,16,7,9,284.5996545452941,4.552328528003592,40,0.0,0.0,0.6,0.0,0.5,0.5,0.0,13.1,1.1,1.5,1.6,0.5,8.5,69.6,3.2,0.0,0.2,4.0,0.0,1,39,4.0,167.0,6,6,15,1,21,20,1,21,1,21,20,1,21,21,20,20,20,20,20
6,5-OpenCMSCore,buttonHtml,ds_6_snip_5$OpenCMSCore_buttonHtml.java,1,2,0,1,7,11,87,0,48,9,9,307.756981016698,3.558403626186193,39,0.2,0.0,0.1,0.0,0.3,1.1,0.2,10.35897435897436,0.6,0.7,4.8,1.1,8.7,59.4,4.4,0.0,0.0,3.9,0.2,0,34,8.0,249.0,1,6,34,1,21,20,1,21,21,21,20,1,1,21,20,20,20,20,20
6,4-Antlr4Master,removeFast,ds_6_snip_4$Antlr4Master_removeFast.java,1,4,1,5,5,5,208,4,18,13,22,306.49450852513183,2.8904373156325702,40,0.17391304347826086,0.043478260869565216,0.21739130434782608,0.17391304347826086,0.2608695652173913,0.17391304347826086,0.17391304347826086,4.8,0.5652173913043478,0.21739130434782608,0.782608695652174,0.21739130434782608,9.043478260869565,23.91304347826087,6.608695652173913,0.0,0.17391304347826086,1.7391304347826086,0.21739130434782608,2,35,12.0,78.0,2,9,23,1,21,20,21,21,21,21,20,21,21,21,20,20,20,20,20
6,5-Antlr4Master,testToStringStartStop2,ds_6_snip_5$Antlr4Master_testToStringStartStop2.java,0,0,0,21,17,21,225,0,68,34,35,916.5071605268103,3.5781548708287203,103,0.0,0.0,0.5833333333333334,0.0,0.19444444444444445,0.19444444444444445,0.0,8.427184466019417,0.16666666666666666,0.4722222222222222,1.8888888888888888,0.5833333333333334,6.25,36.19444444444444,3.7777777777777777,0.0,0.4166666666666667,2.861111111111111,0.0,2,47,4.0,87.0,3,6,23,1,21,21,1,21,1,21,21,1,21,21,21,21,21,21,21
6,1-Phoenix,doDropSchema,ds_6_snip_1$Phoenix_doDropSchema.java,5,5,0,8,26,27,399,3,72,10,31,756.0819962378904,2.6749334105718425,107,0.15625,0.0,0.25,0.09375,0.09375,0.0,0.15625,10.85981308411215,0.6875,0.8125,2.25,0.84375,12.46875,57.5625,9.625,0.0,0.09375,3.34375,0.21875,1,32,20.0,187.0,2,9,26,1,21,20,21,21,21,21,20,1,21,21,17,20,20,20,21
6,2-OpenCMSCore,seekFile,ds_6_snip_2$OpenCMSCore_seekFile.java,2,0,0,1,1,9,239,0,22,1,16,161.42124551085624,1.7116656656207405,34,0.047619047619047616,0.0,0.047619047619047616,0.0,0.2857142857142857,0.09523809523809523,0.047619047619047616,7.5,0.6190476190476191,0.047619047619047616,1.0476190476190477,0.42857142857142855,11.380952380952381,29.142857142857142,10.095238095238095,0.0,0.0,1.619047619047619,0.14285714285714285,0,32,16.0,60.0,4,5,22,1,20,20,1,20,20,20,20,1,1,20,20,20,20,20,20
6,3-CarReport,handleFABClick,ds_6_snip_3$CarReport_handleFABClick.java,2,1,1,8,11,18,239,1,60,3,19,511.02217435434267,3.113627361865438,76,0.045454545454545456,0.045454545454545456,0.36363636363636365,0.045454545454545456,0.13636363636363635,0.13636363636363635,0.045454545454545456,8.802631578947368,0.8636363636363636,0.4782608695652174,2.608695652173913,0.782608695652174,10.391304347826088,48.56521739130435,7.304347826086956,0.043478260869565216,0.045454545454545456,3.4545454545454546,0.13636363636363635,1,36,16.0,141.0,5,7,22,1,21,20,21,21,21,21,20,21,21,21,20,20,20,20,20
6,4-Pom,limit,ds_6_snip_4$Pom_limit.java,2,3,0,6,2,3,449,2,30,7,24,272.0253287368751,2.000476095827325,45,0.09090909090909091,0.0,0.18181818181818182,0.06060606060606061,0.12121212121212122,0.0,0.09090909090909091,5.155555555555556,0.8181818181818182,0.05,0.75,0.075,11.225,23.2,9.5,0.175,0.030303030303030304,1.3636363636363635,0.12121212121212122,1,29,24.0,114.0,5,6,27,1,21,21,21,21,21,21,21,1,21,21,21,21,21,21,21
6,2-HibernateORM,TimesTenDialect,ds_6_snip_2$HibernateORM_TimesTenDialect.java,0,0,0,0,0,0,0,0,0,39,30,724.2975698908618,-0.0,90,0.0,0.0,0.0,0.0,0.0967741935483871,0.0,0.0,12.4,0.0,0.0,0.0,0.0,0.0,0.0,0.0,0.03125,0.0,2.903225806451613,0.0,0,22,0.0,0.0,0,5,1,1,1,1,1,21,1,21,1,1,1,1,1,1,1,1,1
6,5-K9,testTextQuoteToHtmlBlockquote,ds_6_snip_5$K9_testTextQuoteToHtmlBlockquote.java,0,0,0,2,1,1,86,0,8,32,5,391.7346387762762,2.5911306598072463,13,0.0,0.0,0.3333333333333333,0.0,0.5,5.0,0.0,12.538461538461538,0.3333333333333333,0.16666666666666666,1.3333333333333333,0.16666666666666666,14.333333333333334,54.5,2.6666666666666665,0.0,0.0,2.1666666666666665,0.0,0,44,4.0,129.0,2,5,46,1,21,19,1,21,1,21,19,1,1,21,19,19,19,19,20
1,9,main9,ds_1_snip_9_main9.java,1,1,1,4,0,2,88,2,8,5,10,120.92782504182705,2.9835596394509696,17,0.09090909090909091,0.09090909090909091,0.36363636363636365,0.18181818181818182,0.2727272727272727,0.09090909090909091,0.09090909090909091,5.176470588235294,0.6363636363636364,0.0,0.7272727272727273,0.18181818181818182,8.0,22.363636363636363,5.454545454545454,0.0,0.2727272727272727,1.5454545454545454,0.18181818181818182,1,17,12.0,41.0,3,4,15,1,20,1,20,20,20,20,20,20,20,20,20,20,20,20,20
1,3,main3,ds_1_snip_3_main3.java,2,2,0,7,1,2,151,3,10,2,15,139.8135375281251,2.416599734549441,26,0.125,0.0,0.4375,0.1875,0.375,0.0625,0.125,6.3076923076923075,0.5625,0.0625,0.625,0.125,9.4375,23.625,7.25,0.0,0.125,1.625,0.1875,1,17,12.0,52.0,4,4,15,1,20,20,20,20,20,20,20,1,20,20,20,20,20,20,20
1,7,main7,ds_1_snip_7_main7.java,1,1,1,4,3,3,54,2,8,6,7,144.4295354570819,4.095712027062329,22,0.14285714285714285,0.14285714285714285,0.5714285714285714,0.2857142857142857,0.42857142857142855,0.0,0.14285714285714285,4.909090909090909,0.8571428571428571,0.42857142857142855,1.1428571428571428,0.42857142857142855,7.714285714285714,32.142857142857146,3.4285714285714284,0.0,0.8571428571428571,3.142857142857143,0.14285714285714285,4,17,8.0,65.0,3,11,17,1,20,19,20,20,20,20,19,20,20,20,19,19,19,19,20
1,4,main4,ds_1_snip_4_main4.java,1,1,3,7,2,4,160,4,12,9,13,267.9313627895044,3.1348442607340723,38,0.07692307692307693,0.23076923076923078,0.5384615384615384,0.3076923076923077,0.23076923076923078,0.23076923076923078,0.07692307692307693,6.947368421052632,0.6153846153846154,0.15384615384615385,0.9230769230769231,0.3076923076923077,12.307692307692308,41.23076923076923,8.0,0.0,0.6923076923076923,2.923076923076923,0.3076923076923077,3,17,16.0,100.0,3,10,21,1,20,20,20,20,20,20,20,20,20,20,20,20,20,20,20
1,22,main22,ds_1_snip_22_main22.java,1,1,0,4,5,7,77,1,10,13,8,233.833087536779,3.993672891911433,26,0.1,0.0,0.4,0.1,0.5,0.7,0.1,5.153846153846154,0.6,0.5,1.0,0.7,7.7,29.1,4.0,0.0,1.2,2.6,0.2,6,19,8.0,73.0,3,7,21,1,20,20,20,20,20,20,20,1,20,20,20,20,20,20,20
1,13,main13,ds_1_snip_13_main13.java,1,0,0,6,0,2,46,0,4,2,8,89.62406251802891,3.116223024976483,17,0.0,0.0,0.6666666666666666,0.0,0.2222222222222222,0.0,0.0,5.352941176470588,0.6666666666666666,0.0,0.4444444444444444,0.2222222222222222,5.111111111111111,18.77777777777778,3.111111111111111,0.0,0.2222222222222222,1.8888888888888888,0.0,1,19,4.0,42.0,3,4,8,1,20,1,1,20,1,20,20,1,20,1,19,20,20,20,20
1,20,main20,ds_1_snip_20_main20.java,1,1,1,5,0,2,100,2,8,8,10,161.42124551085624,2.986109371898697,19,0.08333333333333333,0.08333333333333333,0.4166666666666667,0.16666666666666666,0.25,0.3333333333333333,0.08333333333333333,5.157894736842105,0.5833333333333334,0.0,0.6666666666666666,0.16666666666666666,8.333333333333334,21.25,5.666666666666667,0.0,0.4166666666666667,1.5833333333333333,0.25,2,19,12.0,42.0,3,4,17,1,20,1,20,20,20,20,20,20,20,20,20,20,20,20,20
1,11,main11,ds_1_snip_11_main11.java,1,0,1,5,0,2,59,1,6,3,8,116.0,3.51996025855632,19,0.0,0.1111111111111111,0.5555555555555556,0.1111111111111111,0.4444444444444444,0.1111111111111111,0.0,5.157894736842105,0.7777777777777778,0.0,0.6666666666666666,0.2222222222222222,6.555555555555555,22.444444444444443,3.5555555555555554,0.0,0.3333333333333333,2.111111111111111,0.1111111111111111,1,19,8.0,42.0,3,4,14,1,20,1,20,20,1,20,20,20,20,20,20,20,20,20,20
1,17,main17,ds_1_snip_17_main17.java,1,2,0,5,0,10,102,2,18,9,12,245.9697756756106,3.122479170652927,36,0.13333333333333333,0.0,0.3333333333333333,0.13333333333333333,0.2,0.26666666666666666,0.13333333333333333,5.527777777777778,0.6,0.0,1.2,0.6666666666666666,6.8,25.866666666666667,4.533333333333333,0.0,0.13333333333333333,2.4,0.26666666666666666,1,19,8.0,42.0,3,5,11,1,20,1,20,20,20,20,17,1,20,20,20,20,1,20,20
1,15,main15,ds_1_snip_15_main15.java,1,0,5,11,10,4,220,5,14,22,18,441.6201536047667,3.8702857308316436,48,0.0,0.2631578947368421,0.5789473684210527,0.2631578947368421,0.15789473684210525,0.21052631578947367,0.0,2.9583333333333335,0.5789473684210527,0.5263157894736842,0.7368421052631579,0.21052631578947367,11.578947368421053,29.94736842105263,6.315789473684211,0.0,1.105263157894737,2.526315789473684,0.2631578947368421,6,19,16.0,59.0,3,9,22,1,20,20,20,20,1,20,20,20,20,20,20,20,20,20,20
1,19,main19,ds_1_snip_19_main19.java,1,1,1,4,1,11,83,2,26,7,10,252.00903761466387,3.4287576022236768,40,0.08333333333333333,0.08333333333333333,0.3333333333333333,0.16666666666666666,0.25,0.0,0.08333333333333333,5.35,0.5833333333333334,0.08333333333333333,2.1666666666666665,0.9166666666666666,6.916666666666667,32.25,4.333333333333333,0.0,0.3333333333333333,3.3333333333333335,0.16666666666666666,1,19,12.0,95.0,3,7,17,1,20,20,20,20,20,20,20,20,20,20,20,20,20,20,20
1,8,main8,ds_1_snip_8_main8.java,1,0,1,4,0,2,61,1,6,5,8,116.0,3.2503844335987613,16,0.0,0.1111111111111111,0.4444444444444444,0.1111111111111111,0.3333333333333333,0.3333333333333333,0.0,6.375,0.6666666666666666,0.0,0.6666666666666666,0.2222222222222222,6.777777777777778,23.333333333333332,4.0,0.0,0.5555555555555556,1.7777777777777777,0.1111111111111111,1,17,8.0,41.0,3,4,15,1,20,1,20,20,1,20,20,20,20,20,20,20,20,20,20
1,1,main1,ds_1_snip_1_main1.java,1,0,1,3,0,2,55,1,6,3,8,85.11011351724513,3.0503687816464167,15,0.0,0.1111111111111111,0.3333333333333333,0.1111111111111111,0.3333333333333333,0.1111111111111111,0.0,5.066666666666666,0.6666666666666666,0.0,0.6666666666666666,0.2222222222222222,6.111111111111111,18.88888888888889,4.0,0.0,0.3333333333333333,1.6666666666666667,0.1111111111111111,1,17,8.0,41.0,3,4,13,1,20,1,20,20,1,20,20,20,20,20,20,20,20,20,20
1,5,main5,ds_1_snip_5_main5.java,1,2,1,7,6,3,166,3,12,13,15,274.01923055728344,3.1794666119168977,29,0.11764705882352941,0.058823529411764705,0.4117647058823529,0.17647058823529413,0.11764705882352941,0.29411764705882354,0.11764705882352941,4.724137931034483,0.7058823529411765,0.35294117647058826,0.7058823529411765,0.17647058823529413,9.764705882352942,24.470588235294116,6.588235294117647,0.0,0.7647058823529411,1.7058823529411764,0.23529411764705882,7,17,12.0,44.0,3,5,17,1,20,20,20,20,20,20,20,20,20,20,20,20,20,20,20
1,6,main6,ds_1_snip_6_main6.java,1,0,1,4,0,2,40,1,6,3,6,101.57915548582149,3.8996388945981497,17,0.0,0.16666666666666666,0.6666666666666666,0.16666666666666666,0.6666666666666666,0.16666666666666666,0.0,4.588235294117647,1.0,0.0,1.0,0.3333333333333333,6.666666666666667,26.5,2.6666666666666665,0.0,0.5,2.8333333333333335,0.16666666666666666,1,17,4.0,53.0,3,7,18,1,20,1,20,20,1,20,19,20,20,20,19,19,19,19,20
1,2,main2,ds_1_snip_2_main2.java,1,2,1,7,0,8,115,3,22,4,14,204.3263250706733,3.106302767678019,35,0.125,0.0625,0.4375,0.1875,0.1875,0.0,0.125,5.771428571428571,0.5625,0.0,1.375,0.5,7.1875,25.25,5.0,0.0,0.125,2.1875,0.25,1,17,12.0,53.0,3,7,14,1,20,1,20,20,20,20,19,20,20,20,20,19,1,20,20
1,23,main23,ds_1_snip_23_main23.java,1,0,2,4,4,4,50,2,8,9,6,180.0850143339292,4.60322289073658,24,0.0,0.4,0.8,0.4,0.6,0.4,0.0,4.25,1.0,0.8,1.6,0.8,10.0,44.8,2.4,0.0,1.8,4.8,0.4,5,19,4.0,77.0,3,10,18,1,20,19,20,20,1,20,19,20,20,20,19,19,19,19,19
1,12,main12,ds_1_snip_12_main12.java,1,1,1,4,2,6,94,2,16,6,10,185.46604019833754,3.268190130255721,27,0.07692307692307693,0.07692307692307693,0.3076923076923077,0.15384615384615385,0.46153846153846156,0.15384615384615385,0.07692307692307693,4.666666666666667,0.46153846153846156,0.15384615384615385,1.2307692307692308,0.46153846153846156,7.230769230769231,23.384615384615383,4.615384615384615,0.0,0.23076923076923078,2.076923076923077,0.15384615384615385,2,19,12.0,77.0,3,6,22,1,20,20,20,20,20,20,20,20,20,20,20,20,20,20,20
1,21,main21,ds_1_snip_21_main21.java,1,0,2,6,4,6,105,2,8,12,10,263.6376137881291,3.873075200154383,34,0.0,0.18181818181818182,0.5454545454545454,0.18181818181818182,0.45454545454545453,0.6363636363636364,0.0,4.176470588235294,0.5454545454545454,0.36363636363636365,0.7272727272727273,0.5454545454545454,9.545454545454545,31.363636363636363,4.7272727272727275,0.0,1.0909090909090908,3.090909090909091,0.18181818181818182,5,19,8.0,53.0,3,6,18,1,20,20,20,20,1,20,20,20,20,20,20,20,20,20,20
1,10,main10,ds_1_snip_10_main10.java,1,3,0,3,0,6,85,6,14,3,10,179.71696739799185,3.409812440158238,31,0.2727272727272727,0.0,0.2727272727272727,0.5454545454545454,0.2727272727272727,0.0,0.2727272727272727,5.0,1.0,0.0,1.2727272727272727,0.5454545454545454,7.7272727272727275,28.09090909090909,4.363636363636363,0.0,0.2727272727272727,2.8181818181818183,0.2727272727272727,1,19,8.0,42.0,3,8,13,1,20,1,20,20,20,20,20,1,20,20,20,20,20,20,20
1,16,main16,ds_1_snip_16_main16.java,1,0,0,3,0,2,34,0,6,3,5,82.0447025077789,3.6284451594312284,13,0.0,0.0,0.5,0.0,0.3333333333333333,0.3333333333333333,0.0,5.153846153846154,1.0,0.0,1.0,0.3333333333333333,5.666666666666667,21.833333333333332,2.6666666666666665,0.0,0.5,2.1666666666666665,0.0,1,19,4.0,42.0,3,4,12,1,20,1,1,20,1,20,19,1,20,20,19,19,19,19,19
1,14,main14,ds_1_snip_14_main14.java,1,0,1,4,0,4,41,1,12,3,6,126.71134807876054,4.111973672521206,22,0.0,0.16666666666666666,0.6666666666666666,0.16666666666666666,0.6666666666666666,0.16666666666666666,0.0,5.136363636363637,0.8333333333333334,0.0,2.0,0.6666666666666666,6.833333333333333,33.333333333333336,2.6666666666666665,0.0,0.3333333333333333,3.6666666666666665,0.16666666666666666,2,19,4.0,74.0,3,9,18,1,20,1,20,20,1,20,19,20,20,20,19,19,19,19,20
1,18,main18,ds_1_snip_18_main18.java,1,3,1,10,1,4,186,4,16,7,21,279.6827125439906,3.10123308736928,37,0.125,0.041666666666666664,0.4166666666666667,0.16666666666666666,0.2916666666666667,0.125,0.125,5.027027027027027,0.5416666666666666,0.041666666666666664,0.6666666666666666,0.16666666666666666,7.75,20.25,5.5,0.0,0.25,1.5416666666666667,0.25,1,19,12.0,42.0,3,5,17,1,20,20,20,20,20,20,20,20,20,20,20,20,20,20,20
f,RecursiveBinaryToDecimal,compute,ds_f_snip_RecursiveBinaryToDecimal_compute.java,2,2,0,0,3,1,65,2,12,8,8,114.22064766172811,3.523314969918658,15,0.2222222222222222,0.0,0.0,0.2222222222222222,0.1111111111111111,0.5555555555555556,0.2222222222222222,7.266666666666667,0.8888888888888888,0.3333333333333333,1.3333333333333333,0.1111111111111111,7.222222222222222,23.22222222222222,4.0,0.0,0.7777777777777778,1.6666666666666667,0.2222222222222222,3,42,8.0,42.0,3,4,15,1,1,20,20,20,20,20,20,1,20,20,20,20,20,20,20
f,DumbSort,compute,ds_f_snip_DumbSort_compute.java,4,5,0,15,6,1,234,5,14,0,27,265.2872250533656,2.859869504620985,54,0.17857142857142858,0.0,0.5357142857142857,0.17857142857142858,0.03571428571428571,0.0,0.17857142857142858,2.4814814814814814,0.5714285714285714,0.21428571428571427,0.5,0.03571428571428571,8.357142857142858,16.714285714285715,5.857142857142857,0.0,0.0,1.9285714285714286,0.17857142857142858,0,26,8.0,65.0,5,7,12,1,21,20,21,21,21,21,20,1,1,21,18,20,20,20,19
f,CountVowels,compute,ds_f_snip_CountVowels_compute.java,1,1,2,4,4,3,116,3,12,8,11,155.3235879675129,3.0952801094994613,23,0.08333333333333333,0.16666666666666666,0.3333333333333333,0.25,0.08333333333333333,0.0,0.08333333333333333,5.173913043478261,0.6666666666666666,0.3333333333333333,1.0,0.25,9.666666666666666,26.75,6.333333333333333,0.0,0.25,1.9166666666666667,0.25,1,29,16.0,50.0,3,5,18,1,20,20,20,20,20,20,20,20,20,20,20,20,20,20,20
f,lengthOfLastWord,compute,ds_f_snip_lengthOfLastWord_compute.java,1,2,1,5,0,2,151,5,16,9,14,208.0838499786226,3.0549753572801293,23,0.13333333333333333,0.06666666666666667,0.3333333333333333,0.3333333333333333,0.06666666666666667,0.06666666666666667,0.13333333333333333,4.782608695652174,0.7333333333333333,0.0,1.0666666666666667,0.13333333333333333,10.066666666666666,24.4,6.933333333333334,0.0,0.2,1.5333333333333334,0.26666666666666666,2,34,16.0,63.0,3,5,25,1,20,1,20,20,20,20,20,20,20,20,20,20,20,20,20
f,RecursiveCrossSum,compute,ds_f_snip_RecursiveCrossSum_compute.java,1,1,0,0,0,0,38,1,10,4,5,47.548875021634686,3.4905304239904527,7,0.16666666666666666,0.0,0.0,0.16666666666666666,0.16666666666666666,0.5,0.16666666666666666,10.428571428571429,1.0,0.0,1.6666666666666667,0.0,6.333333333333333,23.0,3.3333333333333335,0.0,0.6666666666666666,1.1666666666666667,0.16666666666666666,2,35,8.0,54.0,3,3,13,1,1,1,20,20,20,20,19,1,20,20,19,1,19,19,16
f,YesNo,compute,ds_f_snip_YesNo_compute.java,1,4,0,1,0,5,87,0,20,9,15,98.9912279734977,2.531679956225816,16,0.2857142857142857,0.0,0.07142857142857142,0.0,0.07142857142857142,0.0,0.2857142857142857,8.8125,0.8571428571428571,0.0,1.4285714285714286,0.35714285714285715,6.214285714285714,23.5,4.571428571428571,0.0,0.0,1.1428571428571428,0.42857142857142855,0,23,8.0,41.0,2,4,10,1,20,1,1,20,20,20,20,1,1,1,20,20,20,20,20
f,SquareRoot,compute,ds_f_snip_SquareRoot_compute.java,1,2,1,5,0,5,141,3,14,5,14,188.0,2.6783501602703033,33,0.13333333333333333,0.06666666666666667,0.3333333333333333,0.2,0.06666666666666667,0.06666666666666667,0.13333333333333333,5.212121212121212,0.5333333333333333,0.0,0.9333333333333333,0.3333333333333333,9.4,27.866666666666667,6.933333333333334,0.0,0.3333333333333333,2.2,0.26666666666666666,1,28,12.0,51.0,2,6,17,1,20,1,20,20,20,20,20,20,20,20,19,19,20,20,19
f,isHurricane,compute,ds_f_snip_isHurricane_compute.java,1,5,0,7,0,0,118,5,12,11,14,167.58597649126395,2.7747483657117322,18,0.3125,0.0,0.4375,0.3125,0.0625,0.0,0.3125,7.0,0.8125,0.0,0.75,0.0,7.375,20.25,5.0,0.0,0.3125,1.125,0.1875,1,29,8.0,41.0,2,3,11,1,20,1,20,20,20,20,11,1,20,20,20,1,1,11,20
f,hIndex,compute,ds_f_snip_hIndex_compute.java,1,1,1,5,0,2,116,2,8,3,13,133.25742227201613,2.9702621453814952,23,0.07142857142857142,0.07142857142857142,0.35714285714285715,0.14285714285714285,0.07142857142857142,0.14285714285714285,0.07142857142857142,5.826086956521739,0.7142857142857143,0.0,0.5714285714285714,0.14285714285714285,8.285714285714286,23.071428571428573,5.714285714285714,0.0,0.21428571428571427,1.6428571428571428,0.21428571428571427,2,24,12.0,42.0,3,4,16,1,20,1,20,20,20,20,20,20,20,20,20,20,20,20,20
f,ContainsSubstring,compute,ds_f_snip_ContainsSubstring_compute.java,2,3,2,4,1,6,234,5,24,5,17,216.09640474436813,2.3289264591707486,33,0.16666666666666666,0.1111111111111111,0.2222222222222222,0.2777777777777778,0.05555555555555555,0.16666666666666666,0.16666666666666666,4.848484848484849,0.6111111111111112,0.05555555555555555,1.3333333333333333,0.3333333333333333,13.0,28.444444444444443,10.222222222222221,0.0,0.16666666666666666,1.8333333333333333,0.3333333333333333,1,35,20.0,59.0,3,7,23,1,20,20,20,20,20,20,20,20,20,20,20,20,20,20,20
f,RecursivePower,compute,ds_f_snip_RecursivePower_compute.java,2,2,0,0,2,0,60,2,10,5,8,69.76048999263462,3.268586126693599,11,0.2222222222222222,0.0,0.0,0.2222222222222222,0.1111111111111111,0.3333333333333333,0.2222222222222222,4.909090909090909,0.8888888888888888,0.2222222222222222,1.1111111111111112,0.0,6.666666666666667,16.88888888888889,4.0,0.0,0.5555555555555556,1.2222222222222223,0.2222222222222222,2,32,8.0,39.0,3,4,13,1,1,19,20,20,20,20,20,1,20,20,20,1,20,20,20
f,RecursiveFibonacciVariant,compute,ds_f_snip_RecursiveFibonacciVariant_compute.java,1,1,0,0,0,0,37,1,8,4,5,50.718800023077,3.353190671338323,8,0.16666666666666666,0.0,0.0,0.16666666666666666,0.16666666666666666,0.5,0.16666666666666666,11.0,1.0,0.0,1.3333333333333333,0.0,6.166666666666667,22.833333333333332,3.3333333333333335,0.0,0.6666666666666666,1.3333333333333333,0.16666666666666666,2,43,8.0,53.0,3,4,12,1,1,1,20,20,20,20,19,1,20,20,16,1,19,19,16
f,GreatestCommonDivisor,compute,ds_f_snip_GreatestCommonDivisor_compute.java,2,2,1,7,1,0,153,3,8,2,15,117.28722505336556,2.409557275459102,24,0.125,0.0625,0.4375,0.1875,0.0625,0.0625,0.125,7.458333333333333,0.5625,0.0625,0.5,0.0,9.5625,23.25,7.25,0.0,0.125,1.5,0.1875,1,39,12.0,53.0,4,3,15,1,20,20,20,20,20,20,20,20,20,20,20,1,1,20,20
f,isPalindrome,compute,ds_f_snip_isPalindrome_compute.java,1,1,1,3,2,4,88,2,14,5,9,141.7774500490386,3.207945930553153,22,0.1,0.1,0.3,0.2,0.1,0.2,0.1,5.090909090909091,0.7,0.2,1.4,0.4,8.8,27.2,5.6,0.0,0.3,2.2,0.2,3,30,12.0,77.0,3,9,22,1,20,20,20,20,20,20,20,20,20,20,20,20,20,20,20
f,ArrayAverage,compute,ds_f_snip_ArrayAverage_compute.java,1,0,1,5,0,1,70,1,6,3,9,107.5488750216347,3.4122185564539738,18,0.0,0.1,0.5,0.1,0.1,0.3,0.0,8.11111111111111,0.8,0.0,0.6,0.1,7.0,26.6,4.0,0.0,0.3,1.8,0.1,1,30,8.0,45.0,3,4,13,1,20,1,20,20,1,20,20,20,20,20,20,20,20,20,20
f,RecursiveFactorial,compute,ds_f_snip_RecursiveFactorial_compute.java,1,1,0,0,0,0,35,1,6,3,5,36.49561398674886,3.225480556997867,7,0.16666666666666666,0.0,0.0,0.16666666666666666,0.16666666666666666,0.3333333333333333,0.16666666666666666,10.0,1.0,0.0,1.0,0.0,5.833333333333333,20.0,3.3333333333333335,0.0,0.5,1.1666666666666667,0.16666666666666666,1,36,8.0,38.0,3,3,10,1,1,1,20,20,20,20,19,1,20,20,19,1,19,19,19
9_bc,9,shortenText512,ds_9$bc_snip_9_shortenText512.java,2,1,1,10,3,10,190,3,22,7,20,435.98905644032214,3.451829363037666,58,0.047619047619047616,0.047619047619047616,0.47619047619047616,0.14285714285714285,0.47619047619047616,0.2857142857142857,0.047619047619047616,6.189655172413793,0.6190476190476191,0.14285714285714285,1.0476190476190477,0.47619047619047616,9.047619047619047,31.61904761904762,5.904761904761905,0.0,0.2857142857142857,2.761904761904762,0.09523809523809523,2,29,12.0,72.0,2,6,16,1,21,20,21,21,21,21,20,21,21,21,20,20,20,20,21
9_bc,10,shortenText522,ds_9$bc_snip_10_shortenText522.java,2,1,1,13,3,10,214,3,22,7,23,507.3986130107759,3.496881065071561,66,0.041666666666666664,0.041666666666666664,0.5416666666666666,0.125,0.4166666666666667,0.25,0.041666666666666664,6.181818181818182,0.5416666666666666,0.125,0.9166666666666666,0.4166666666666667,8.916666666666666,30.916666666666668,5.833333333333333,0.0,0.25,2.75,0.08333333333333333,2,30,12.0,72.0,2,6,16,1,21,20,21,21,21,21,20,21,21,21,20,20,20,20,21
9_bc,1,logAndEmailSeriousProblemS112,ds_9$bc_snip_1_logAndEmailSeriousProblemS112.java,2,0,0,1,3,11,36,0,22,2,7,146.94555522617034,3.180841202765122,31,0.0,0.0,0.125,0.0,1.25,0.0,0.0,11.129032258064516,0.375,0.375,2.75,1.375,4.5,49.875,3.0,0.0,0.0,3.875,0.0,0,44,4.0,102.0,2,5,10,1,20,19,1,20,1,20,19,1,1,1,14,19,1,19,20
9_bc,6,writeUTable,ds_9$bc_snip_6_writeUTable.java,1,4,1,15,2,21,386,2,64,9,31,627.0483689955201,2.337104250305384,83,0.125,0.03125,0.46875,0.0625,0.375,0.0,0.125,7.204819277108434,0.4375,0.0625,2.0,0.65625,12.0625,36.78125,9.75,0.0,0.09375,2.59375,0.21875,2,26,20.0,87.0,2,9,24,1,21,20,21,21,21,21,20,21,21,21,20,20,20,20,21
9_bc,8,getMove422,ds_9$bc_snip_8_getMove422.java,2,0,3,7,2,23,175,0,56,11,26,444.61355012403885,2.8495371832759777,68,0.0,0.1111111111111111,0.25925925925925924,0.0,0.3333333333333333,0.0,0.0,7.602941176470588,0.3333333333333333,0.07407407407407407,2.074074074074074,0.8518518518518519,6.481481481481482,31.666666666666668,5.037037037037037,0.0,0.0,2.5185185185185186,0.1111111111111111,0,25,8.0,68.0,3,5,11,1,21,20,1,21,1,21,20,21,1,1,20,20,20,20,21
9_bc,4,apply222,ds_9$bc_snip_4_apply222.java,2,5,0,9,2,16,358,3,44,3,26,398.5071354293178,1.9223960951686128,63,0.18518518518518517,0.0,0.3333333333333333,0.1111111111111111,0.48148148148148145,0.0,0.18518518518518517,11.634920634920634,0.37037037037037035,0.07407407407407407,1.6296296296296295,0.5925925925925926,13.25925925925926,45.407407407407405,11.25925925925926,0.0,0.0,2.3333333333333335,0.25925925925925924,0,27,20.0,89.0,2,5,21,1,21,20,21,21,21,21,20,1,1,21,20,20,20,20,21
9_bc,3,apply212,ds_9$bc_snip_3_apply212.java,2,5,0,6,2,17,313,3,46,3,23,351.7479380374682,1.9435404737280002,58,0.20833333333333334,0.0,0.25,0.125,0.5416666666666666,0.0,0.20833333333333334,11.46551724137931,0.4166666666666667,0.08333333333333333,1.9166666666666667,0.7083333333333334,13.041666666666666,46.291666666666664,11.0,0.0,0.0,2.4166666666666665,0.2916666666666667,0,27,20.0,89.0,2,5,21,1,21,20,21,21,21,21,20,1,1,21,20,20,20,20,21
9_bc,2,logAndEmailSeriousProblemS122,ds_9$bc_snip_2_logAndEmailSeriousProblemS122.java,2,0,0,3,3,12,54,0,24,2,10,201.7383500317309,3.3606897124232566,39,0.0,0.0,0.2727272727272727,0.0,1.0,0.0,0.0,10.743589743589743,0.2727272727272727,0.2727272727272727,2.1818181818181817,1.0909090909090908,4.909090909090909,45.36363636363637,3.272727272727273,0.0,0.0,3.5454545454545454,0.0,0,44,4.0,86.0,2,5,10,1,20,20,1,20,1,20,20,1,1,1,20,20,20,20,20
9_bc,7,getMove412,ds_9$bc_snip_7_getMove412.java,2,0,3,6,2,23,128,0,56,11,18,381.5597130937755,3.1086996252396784,58,0.0,0.15789473684210525,0.3157894736842105,0.0,0.47368421052631576,0.0,0.0,7.482758620689655,0.47368421052631576,0.10526315789473684,2.9473684210526314,1.2105263157894737,6.7368421052631575,37.68421052631579,4.842105263157895,0.0,0.0,3.0526315789473686,0.15789473684210525,0,25,8.0,93.0,3,9,11,1,21,20,1,21,1,21,20,21,1,1,20,20,20,20,20
9_bc,5,copyUTable312,ds_9$bc_snip_5_copyUTable312.java,1,4,1,8,2,33,303,2,88,9,24,517.662472586761,2.1710791813624226,76,0.16,0.04,0.32,0.08,0.48,0.0,0.16,8.105263157894736,0.56,0.08,3.52,1.32,12.12,45.28,9.92,0.0,0.12,3.04,0.28,2,28,20.0,183.0,2,7,24,1,21,20,21,21,21,21,20,21,21,21,20,20,20,20,21
2,8,main14,ds_2_snip_8_main14.java,1,0,1,4,0,4,41,1,12,3,6,126.71134807876054,4.111973672521206,22,0.0,0.16666666666666666,0.6666666666666666,0.16666666666666666,0.6666666666666666,0.16666666666666666,0.0,5.090909090909091,0.8333333333333334,0.0,2.0,0.6666666666666666,6.833333333333333,33.333333333333336,2.6666666666666665,0.0,0.3333333333333333,3.6666666666666665,0.16666666666666666,2,18,4.0,74.0,3,9,18,1,20,1,20,20,1,20,19,20,20,20,19,19,19,19,20
2,5,main10,ds_2_snip_5_main10.java,1,3,0,3,0,6,85,6,14,3,10,179.71696739799185,3.409812440158238,31,0.2727272727272727,0.0,0.2727272727272727,0.5454545454545454,0.2727272727272727,0.0,0.2727272727272727,4.967741935483871,1.0,0.0,1.2727272727272727,0.5454545454545454,7.7272727272727275,28.09090909090909,4.363636363636363,0.0,0.2727272727272727,2.8181818181818183,0.2727272727272727,1,18,8.0,42.0,3,8,13,1,20,1,20,20,20,20,20,1,20,20,20,20,20,20,20
2,11,main21,ds_2_snip_11_main21.java,1,0,2,6,4,6,105,2,8,12,10,263.6376137881291,3.873075200154383,34,0.0,0.18181818181818182,0.5454545454545454,0.18181818181818182,0.45454545454545453,0.6363636363636364,0.0,4.176470588235294,0.5454545454545454,0.36363636363636365,0.7272727272727273,0.5454545454545454,9.545454545454545,31.363636363636363,4.7272727272727275,0.0,1.0909090909090908,3.090909090909091,0.18181818181818182,5,19,8.0,53.0,3,6,18,1,20,20,20,20,1,20,20,20,20,20,20,20,20,20,20
2,7,main13,ds_2_snip_7_main13.java,1,0,0,6,0,2,46,0,4,2,8,89.62406251802891,3.116223024976483,17,0.0,0.0,0.6666666666666666,0.0,0.2222222222222222,0.0,0.0,5.294117647058823,0.6666666666666666,0.0,0.4444444444444444,0.2222222222222222,5.111111111111111,18.77777777777778,3.111111111111111,0.0,0.2222222222222222,1.8888888888888888,0.0,1,18,4.0,42.0,3,4,8,1,20,1,1,20,1,20,20,1,20,1,19,20,20,20,20
2,6,main11,ds_2_snip_6_main11.java,1,0,1,5,0,2,59,1,6,3,8,116.0,3.51996025855632,19,0.0,0.1111111111111111,0.5555555555555556,0.1111111111111111,0.4444444444444444,0.1111111111111111,0.0,5.105263157894737,0.7777777777777778,0.0,0.6666666666666666,0.2222222222222222,6.555555555555555,22.444444444444443,3.5555555555555554,0.0,0.3333333333333333,2.111111111111111,0.1111111111111111,1,18,8.0,42.0,3,4,14,1,20,1,20,20,1,20,20,20,20,20,20,20,20,20,20
2,4,main8,ds_2_snip_4_main8.java,1,0,1,4,0,2,61,1,6,5,8,116.0,3.2503844335987613,16,0.0,0.1111111111111111,0.4444444444444444,0.1111111111111111,0.3333333333333333,0.3333333333333333,0.0,6.375,0.6666666666666666,0.0,0.6666666666666666,0.2222222222222222,6.777777777777778,23.333333333333332,4.0,0.0,0.5555555555555556,1.7777777777777777,0.1111111111111111,1,17,8.0,41.0,3,4,15,1,20,1,20,20,1,20,20,20,20,20,20,20,20,20,20
2,9,main17,ds_2_snip_9_main17.java,1,2,0,5,0,10,102,2,18,9,12,245.9697756756106,3.122479170652927,36,0.13333333333333333,0.0,0.3333333333333333,0.13333333333333333,0.2,0.26666666666666666,0.13333333333333333,5.5,0.6,0.0,1.2,0.6666666666666666,6.8,25.866666666666667,4.533333333333333,0.0,0.13333333333333333,2.4,0.26666666666666666,1,18,8.0,42.0,3,5,11,1,20,1,20,20,20,20,17,1,20,20,20,20,1,20,20
2,12,main22,ds_2_snip_12_main22.java,1,1,0,4,5,7,77,1,10,13,8,233.833087536779,3.993672891911433,26,0.1,0.0,0.4,0.1,0.5,0.7,0.1,5.153846153846154,0.6,0.5,1.0,0.7,7.7,29.1,4.0,0.0,1.2,2.6,0.2,6,19,8.0,73.0,3,7,21,1,20,20,20,20,20,20,20,1,20,20,20,20,20,20,20
2,10,main20,ds_2_snip_10_main20.java,1,1,1,5,0,2,100,2,8,8,10,161.42124551085624,2.986109371898697,19,0.08333333333333333,0.08333333333333333,0.4166666666666667,0.16666666666666666,0.25,0.3333333333333333,0.08333333333333333,5.157894736842105,0.5833333333333334,0.0,0.6666666666666666,0.16666666666666666,8.333333333333334,21.25,5.666666666666667,0.0,0.4166666666666667,1.5833333333333333,0.25,2,19,12.0,42.0,3,4,17,1,20,1,20,20,20,20,20,20,20,20,20,20,20,20,20
2,1,main1,ds_2_snip_1_main1.java,1,0,1,3,0,2,55,1,6,3,8,85.11011351724513,3.0503687816464167,15,0.0,0.1111111111111111,0.3333333333333333,0.1111111111111111,0.3333333333333333,0.1111111111111111,0.0,5.066666666666666,0.6666666666666666,0.0,0.6666666666666666,0.2222222222222222,6.111111111111111,18.88888888888889,4.0,0.0,0.3333333333333333,1.6666666666666667,0.1111111111111111,1,17,8.0,41.0,3,4,13,1,20,1,20,20,1,20,20,20,20,20,20,20,20,20,20
2,2,main2,ds_2_snip_2_main2.java,1,2,1,7,0,8,115,3,22,4,14,204.3263250706733,3.106302767678019,35,0.125,0.0625,0.4375,0.1875,0.1875,0.0,0.125,5.771428571428571,0.5625,0.0,1.375,0.5,7.1875,25.25,5.0,0.0,0.125,2.1875,0.25,1,17,12.0,53.0,3,7,14,1,20,1,20,20,20,20,19,20,20,20,20,19,1,20,20
2,3,main7,ds_2_snip_3_main7.java,1,1,1,4,3,3,54,2,8,6,7,144.4295354570819,4.095712027062329,22,0.14285714285714285,0.14285714285714285,0.5714285714285714,0.2857142857142857,0.42857142857142855,0.0,0.14285714285714285,4.909090909090909,0.8571428571428571,0.42857142857142855,1.1428571428571428,0.42857142857142855,7.714285714285714,32.142857142857146,3.4285714285714284,0.0,0.8571428571428571,3.142857142857143,0.14285714285714285,4,17,8.0,65.0,3,11,17,1,20,19,20,20,20,20,19,20,20,20,19,19,19,19,20
3,83,s15,ds_3_snip_83_s15.java,0,0,0,2,5,9,32,0,26,3,4,138.3016990363956,4.119263058359035,25,0.0,0.0,0.4,0.0,0.8,0.4,0.0,8.6,1.0,1.0,5.2,1.8,6.4,62.4,2.4,0.0,0.6,5.0,0.0,2,18,4.0,145.0,3,7,13,1,20,19,1,20,1,20,19,1,20,20,19,19,19,19,20
3,58,displayTileCursor,ds_3_snip_58_displayTileCursor.java,3,3,0,2,2,7,99,4,20,3,10,160.5395382709427,2.917999040607968,26,0.2727272727272727,0.0,0.18181818181818182,0.36363636363636365,0.5454545454545454,0.0,0.2727272727272727,9.461538461538462,0.8181818181818182,0.18181818181818182,1.8181818181818181,0.6363636363636364,9.0,37.90909090909091,6.181818181818182,0.0,0.0,2.3636363636363638,0.2727272727272727,0,30,12.0,93.0,4,8,17,1,20,20,20,20,20,20,20,1,1,20,20,20,20,20,20
3,75,Date,ds_3_snip_75_Date.java,1,0,0,3,0,5,35,0,8,4,4,106.6059378176129,3.9675857649105253,17,0.0,0.0,0.6,0.0,0.8,0.8,0.0,6.117647058823529,0.8,0.0,1.6,1.0,7.0,36.2,2.4,0.0,0.8,3.4,0.0,4,17,4.0,56.0,2,8,17,1,20,1,1,20,1,20,19,1,20,20,19,19,19,19,20
3,56,getMessage,ds_3_snip_56_getMessage.java,0,1,0,1,0,2,36,1,12,2,6,56.472777613085164,2.9740311289957573,13,0.14285714285714285,0.0,0.14285714285714285,0.14285714285714285,0.8571428571428571,0.0,0.14285714285714285,9.23076923076923,0.7142857142857143,0.0,1.7142857142857142,0.2857142857142857,5.142857142857143,26.0,3.4285714285714284,0.0,0.0,1.8571428571428572,0.14285714285714285,0,23,8.0,48.0,2,4,9,1,20,1,20,19,20,20,16,1,1,20,19,19,19,19,20
3,31,s66,ds_3_snip_31_s66.java,0,0,0,2,5,6,27,0,14,4,4,112.37013046707143,3.717021885879718,20,0.0,0.0,0.4,0.0,0.6,0.0,0.0,9.45,0.4,1.0,2.8,1.2,5.4,50.8,2.4,0.0,0.4,4.0,0.0,1,23,4.0,114.0,2,7,10,1,20,19,1,20,1,20,19,1,20,1,19,19,19,19,19
3,86,runMain,ds_3_snip_86_runMain.java,1,0,0,2,0,6,32,0,12,1,5,104.2481250360578,3.5360778311518675,21,0.0,0.0,0.3333333333333333,0.0,1.0,0.16666666666666666,0.0,6.904761904761905,0.8333333333333334,0.0,2.0,1.0,5.333333333333333,36.833333333333336,2.6666666666666665,0.0,0.0,3.5,0.0,0,20,4.0,60.0,2,5,9,1,20,1,1,19,1,20,19,1,1,20,19,19,19,19,20
3,79,s11,ds_3_snip_79_s11.java,0,1,0,1,0,0,37,1,6,3,5,60.94436251225966,3.5110854081804272,10,0.16666666666666666,0.0,0.16666666666666666,0.16666666666666666,0.3333333333333333,0.3333333333333333,0.16666666666666666,9.6,1.0,0.0,1.0,0.0,6.166666666666667,28.333333333333332,3.3333333333333335,0.0,0.0,1.6666666666666667,0.16666666666666666,0,22,8.0,58.0,2,3,15,1,20,1,20,20,20,20,19,1,1,20,19,1,19,19,19
3,7,deliverGift,ds_3_snip_7_deliverGift.java,1,0,0,2,1,5,29,0,16,1,5,101.57915548582149,3.339572261986723,23,0.0,0.0,0.3333333333333333,0.0,1.0,0.0,0.0,10.08695652173913,0.3333333333333333,0.16666666666666666,2.6666666666666665,0.8333333333333334,4.833333333333333,47.166666666666664,2.6666666666666665,0.0,0.0,3.8333333333333335,0.0,0,23,4.0,88.0,1,7,9,1,20,19,1,20,1,20,16,1,1,1,19,19,19,19,20
3,63,s95,ds_3_snip_63_s95.java,0,0,0,1,0,4,18,0,10,1,4,48.43204266092217,2.746384091707754,12,0.0,0.0,0.2,0.0,0.6,0.0,0.0,13.166666666666666,0.4,0.0,2.0,0.8,3.6,38.8,2.4,0.0,0.0,2.4,0.0,0,21,4.0,82.0,2,4,8,1,20,1,1,20,1,20,19,1,1,1,19,19,19,19,19
3,70,s2,ds_3_snip_70_s2.java,0,3,0,2,0,8,101,3,22,6,11,130.79881092001088,2.4646344166367093,21,0.25,0.0,0.16666666666666666,0.25,0.5,0.0,0.25,7.0476190476190474,0.6666666666666666,0.0,1.8333333333333333,0.6666666666666666,8.416666666666666,27.333333333333332,6.333333333333333,0.0,0.4166666666666667,1.75,0.25,1,15,12.0,62.0,2,5,16,1,20,1,20,20,20,20,19,1,20,20,20,20,20,20,20
3,24,isReadOnly,ds_3_snip_24_isReadOnly.java,0,0,0,2,0,2,24,0,10,0,4,49.82892142331044,3.422683189255491,13,0.0,0.0,0.4,0.0,0.6,0.0,0.0,10.923076923076923,0.8,0.0,2.0,0.4,4.8,37.4,2.4,0.0,0.0,2.6,0.0,0,24,4.0,65.0,3,5,8,1,20,1,1,20,1,20,19,1,1,1,19,19,19,19,19
3,62,s94,ds_3_snip_62_s94.java,0,1,0,3,0,2,43,1,8,1,6,59.794705707972525,2.895867698376508,13,0.14285714285714285,0.0,0.42857142857142855,0.14285714285714285,0.42857142857142855,0.0,0.14285714285714285,3.769230769230769,0.42857142857142855,0.0,1.1428571428571428,0.2857142857142857,6.142857142857143,16.285714285714285,4.0,0.0,0.0,1.8571428571428572,0.14285714285714285,0,16,8.0,29.0,2,4,12,1,20,1,20,20,20,20,19,1,1,20,19,19,19,19,20
3,29,s64,ds_3_snip_29_s64.java,0,0,1,3,0,4,44,0,14,0,6,68.11428751370197,2.4888119838724063,16,0.0,0.14285714285714285,0.42857142857142855,0.0,0.42857142857142855,0.0,0.0,7.625,0.42857142857142855,0.0,2.0,0.5714285714285714,6.285714285714286,27.571428571428573,4.571428571428571,0.0,0.0,2.2857142857142856,0.14285714285714285,0,16,8.0,45.0,2,4,12,1,20,1,1,20,1,20,19,20,1,1,19,19,19,19,20
3,21,swap,ds_3_snip_21_swap.java,1,0,0,1,1,2,22,0,10,2,4,53.88872502451932,3.1961999989708914,14,0.0,0.0,0.2,0.0,0.8,0.0,0.0,8.0,0.4,0.2,2.0,0.4,4.4,30.0,2.4,0.0,0.4,2.8,0.0,1,17,4.0,56.0,1,5,9,1,20,19,1,20,1,20,19,1,20,1,19,19,19,19,20
3,41,loadColorChip,ds_3_snip_41_loadColorChip.java,2,1,0,2,2,6,39,0,12,2,6,108.41805003750011,3.204162526001658,22,0.14285714285714285,0.0,0.2857142857142857,0.0,0.5714285714285714,0.0,0.14285714285714285,8.090909090909092,0.42857142857142855,0.2857142857142857,1.7142857142857142,0.8571428571428571,5.571428571428571,33.857142857142854,3.4285714285714284,0.0,0.2857142857142857,3.142857142857143,0.14285714285714285,2,26,8.0,63.0,2,5,9,1,20,19,1,20,20,20,19,1,20,1,19,19,19,19,20
3,17,s52,ds_3_snip_17_s52.java,0,0,0,1,5,6,23,0,16,6,4,102.1865710312585,3.3129072918469564,18,0.0,0.0,0.2,0.0,0.6,0.0,0.0,7.166666666666667,0.6,1.0,3.2,1.2,4.6,38.0,2.4,0.0,0.8,3.6,0.0,2,20,4.0,83.0,2,6,8,1,20,19,1,20,1,20,19,1,20,1,19,19,19,19,19
3,48,ComparisonFailure,ds_3_snip_48_ComparisonFailure.java,3,0,0,2,0,0,0,0,0,0,4,42.11032383086406,-0.0,13,0.0,0.0,0.4,0.0,0.4,0.0,0.0,8.461538461538462,0.0,0.0,0.0,0.0,0.0,0.0,0.0,0.16666666666666666,0.0,2.6,0.0,0,17,0.0,0.0,0,7,1,1,20,1,1,20,1,20,1,1,1,1,1,1,1,1,1
3,91,printFailures,ds_3_snip_91_printFailures.java,1,2,0,0,0,6,54,2,22,6,6,109.39293667703852,2.777601206829104,16,0.25,0.0,0.0,0.25,0.375,0.5,0.25,10.4375,0.625,0.0,2.75,0.75,6.75,34.125,4.5,0.0,0.25,2.0,0.375,1,26,8.0,64.0,2,4,13,1,1,1,20,20,20,20,19,1,20,20,14,19,11,19,20
3,98,setMapTransform,ds_3_snip_98_setMapTransform.java,1,1,0,2,0,6,38,1,16,1,6,93.76537429460444,3.113334968723065,20,0.14285714285714285,0.0,0.2857142857142857,0.14285714285714285,0.5714285714285714,0.0,0.14285714285714285,11.05,0.42857142857142855,0.0,2.2857142857142856,0.8571428571428571,5.428571428571429,40.0,3.4285714285714284,0.0,0.0,2.857142857142857,0.14285714285714285,0,28,8.0,120.0,2,6,9,1,20,1,20,20,20,20,19,1,1,20,19,19,19,19,20
3,60,getAvailableChannels,ds_3_snip_60_getAvailableChannels.java,0,0,0,3,0,1,49,0,6,2,8,71.69925001442313,3.0517325948008227,15,0.0,0.0,0.3333333333333333,0.0,0.7777777777777778,0.0,0.0,11.666666666666666,0.6666666666666666,0.0,0.6666666666666666,0.1111111111111111,5.444444444444445,28.0,3.5555555555555554,0.0,0.1111111111111111,1.6666666666666667,0.2222222222222222,1,33,8.0,67.0,2,5,11,1,20,1,1,20,1,20,20,1,20,1,20,20,20,20,20
3,34,s69,ds_3_snip_34_s69.java,0,0,0,1,3,8,24,0,8,0,4,83.76180828526728,3.5026831892554906,21,0.0,0.0,0.2,0.0,0.6,0.0,0.0,7.095238095238095,0.8,0.6,1.6,1.6,4.8,40.2,2.4,0.0,0.0,4.2,0.0,0,17,4.0,85.0,3,11,10,1,20,19,1,20,1,20,19,1,1,1,19,19,19,19,19
3,65,getButtonAction,ds_3_snip_65_getButtonAction.java,0,0,0,1,5,5,67,0,18,5,7,122.9848878378053,2.8686816089636547,22,0.0,0.0,0.1,0.0,0.5,0.0,0.0,9.909090909090908,0.6,0.45454545454545453,1.6363636363636365,0.45454545454545453,6.090909090909091,30.454545454545453,4.363636363636363,0.09090909090909091,0.1,2.2,0.0,1,28,12.0,68.0,2,6,13,1,20,20,1,20,1,20,20,1,20,1,20,20,20,20,20
3,26,s61,ds_3_snip_26_s61.java,0,3,0,2,0,5,52,0,16,4,8,88.0,2.346413031148248,16,0.2727272727272727,0.0,0.18181818181818182,0.0,0.5454545454545454,0.0,0.2727272727272727,6.875,0.6363636363636364,0.0,1.4545454545454546,0.45454545454545453,4.7272727272727275,19.0,3.6363636363636362,0.0,0.0,1.4545454545454546,0.2727272727272727,0,16,8.0,35.0,2,4,11,1,20,1,1,20,20,20,20,1,1,1,20,20,20,20,20
3,74,s6,ds_3_snip_74_s6.java,0,2,0,2,0,0,56,0,10,4,8,42.0,2.3109641452477043,8,0.2222222222222222,0.0,0.2222222222222222,0.0,0.5555555555555556,0.0,0.2222222222222222,8.625,0.6666666666666666,0.0,1.1111111111111112,0.0,6.222222222222222,19.333333333333332,4.888888888888889,0.0,0.2222222222222222,0.8888888888888888,0.2222222222222222,1,15,12.0,31.0,2,2,14,1,20,1,1,20,20,20,20,1,20,1,20,1,20,20,20
3,57,getStateString,ds_3_snip_57_getStateString.java,0,0,0,1,0,0,68,0,8,2,6,33.68825906469125,2.0674652171147057,9,0.1,0.0,0.1,0.0,0.6,0.0,0.1,11.333333333333334,0.7,0.0,0.8,0.0,6.8,20.4,5.6,0.0,0.0,0.9,0.1,0,27,12.0,30.0,2,2,14,1,20,1,1,20,20,20,20,1,1,1,20,1,20,20,20
3,64,actionPerformed2,ds_3_snip_64_actionPerformed2.java,1,0,0,3,0,2,27,0,8,0,4,68.53238859703687,3.547204475088165,15,0.0,0.0,0.6,0.0,1.0,0.0,0.0,8.8,0.8,0.0,1.6,0.4,5.4,33.6,2.4,0.0,0.0,3.0,0.0,0,29,4.0,46.0,2,4,9,1,20,1,1,20,1,20,19,1,1,1,19,19,19,19,20
3,77,getDatabaseURIs,ds_3_snip_77_getDatabaseURIs.java,0,0,1,3,0,4,46,0,16,0,7,81.40967379910403,3.280921125886487,19,0.0,0.125,0.375,0.0,0.875,0.0,0.0,7.0,0.625,0.0,2.0,0.5,5.75,26.0,3.5,0.0,0.0,2.375,0.125,0,28,8.0,52.0,2,5,13,1,20,1,1,20,1,20,19,20,1,1,19,19,1,19,20
3,53,addMessage,ds_3_snip_53_addMessage.java,1,1,0,0,3,4,36,1,18,3,6,80.0,2.9740311289957573,16,0.14285714285714285,0.0,0.0,0.14285714285714285,0.8571428571428571,0.0,0.14285714285714285,9.875,0.5714285714285714,0.42857142857142855,2.5714285714285716,0.5714285714285714,5.142857142857143,33.142857142857146,3.4285714285714284,0.0,0.42857142857142855,2.2857142857142856,0.14285714285714285,2,23,8.0,69.0,3,5,9,1,1,19,20,20,20,20,19,1,20,20,16,19,19,19,20
3,50,s82,ds_3_snip_50_s82.java,0,1,0,2,0,2,43,1,10,3,7,66.60791492653966,3.0478976275004674,12,0.125,0.0,0.25,0.125,0.5,0.0,0.125,9.083333333333334,0.625,0.0,1.25,0.25,5.375,24.75,3.5,0.0,0.125,1.5,0.125,1,16,8.0,57.0,2,4,10,1,20,1,20,20,20,20,19,1,20,20,16,16,1,19,20
3,36,mousePressed,ds_3_snip_36_mousePressed.java,1,1,0,1,3,10,42,2,26,3,6,129.26767504471167,3.456250272017723,24,0.14285714285714285,0.0,0.14285714285714285,0.2857142857142857,0.5714285714285714,0.0,0.14285714285714285,8.5,0.42857142857142855,0.42857142857142855,3.7142857142857144,1.4285714285714286,6.0,43.42857142857143,3.4285714285714284,0.0,0.0,3.4285714285714284,0.14285714285714285,0,25,8.0,91.0,2,10,13,1,20,19,20,20,20,20,19,1,1,20,16,19,19,19,20
3,92,getNormalisedTime,ds_3_snip_92_getNormalisedTime.java,1,0,0,0,1,0,41,0,10,0,6,30.880904142633646,2.287984980911769,11,0.0,0.0,0.0,0.0,0.5714285714285714,0.0,0.0,13.272727272727273,0.7142857142857143,0.14285714285714285,1.4285714285714286,0.0,5.857142857142857,30.428571428571427,4.571428571428571,0.0,0.0,1.5714285714285714,0.14285714285714285,0,30,8.0,47.0,3,3,10,1,1,19,1,20,1,20,19,1,1,1,19,1,19,19,20
3,1,ComparisonCompactor,ds_3_snip_1_ComparisonCompactor.java,3,0,0,3,2,0,26,0,2,0,4,50.718800023077,3.4480648164173853,13,0.0,0.0,0.6,0.0,0.8,0.0,0.0,11.23076923076923,0.4,0.4,0.4,0.0,5.2,33.2,2.4,0.0,0.0,2.6,0.0,0,31,4.0,84.0,2,6,9,1,20,19,1,20,1,20,19,1,1,1,19,1,19,19,20
3,43,TestClassRunnerForParameters,ds_3_snip_43_TestClassRunnerForParameters.java,3,0,0,2,0,0,0,0,0,0,4,42.0,-0.0,12,0.0,0.0,0.4,0.0,0.4,0.0,0.0,10.75,0.0,0.0,0.0,0.0,0.0,0.0,0.0,0.16666666666666666,0.0,2.4,0.0,0,28,0.0,0.0,0,6,1,1,20,1,1,20,1,20,1,1,1,1,1,1,1,1,1
3,28,getDescription,ds_3_snip_28_getDescription.java,0,0,1,3,0,2,31,0,12,1,6,87.56916320732489,3.5306390622295662,19,0.0,0.16666666666666666,0.5,0.0,0.8333333333333334,0.0,0.0,10.421052631578947,0.5,0.0,2.0,0.3333333333333333,5.166666666666667,41.0,2.6666666666666665,0.0,0.0,3.1666666666666665,0.16666666666666666,0,27,4.0,79.0,1,7,10,1,20,1,1,20,1,20,19,20,1,1,19,19,19,19,20
3,76,TestMethodRunner,ds_3_snip_76_TestMethodRunner.java,4,0,0,2,6,3,30,0,8,0,4,94.01164534875782,3.9693793744842676,21,0.0,0.0,0.4,0.0,1.0,0.0,0.0,8.0,0.4,1.2,1.6,0.6,6.0,42.6,2.4,0.0,0.0,4.2,0.0,0,29,4.0,105.0,2,8,11,1,20,19,1,20,1,20,19,1,1,1,19,19,19,19,20
3,2,s34,ds_3_snip_2_s34.java,0,0,0,1,0,3,91,0,12,1,7,74.00879436282185,2.0269869627980848,18,0.07692307692307693,0.0,0.07692307692307693,0.0,0.6153846153846154,0.0,0.07692307692307693,9.944444444444445,0.7692307692307693,0.0,0.9230769230769231,0.23076923076923078,7.0,26.0,5.846153846153846,0.0,0.07692307692307693,1.3846153846153846,0.07692307692307693,1,22,12.0,46.0,2,2,14,1,20,1,1,20,20,20,20,1,20,1,20,20,20,20,20
3,5,expectedException,ds_3_snip_5_expectedException.java,1,1,0,1,0,5,41,1,10,1,5,70.30835464468075,2.8675096849380157,16,0.14285714285714285,0.0,0.14285714285714285,0.14285714285714285,0.42857142857142855,0.0,0.14285714285714285,9.3125,0.7142857142857143,0.0,1.4285714285714286,0.7142857142857143,5.857142857142857,32.285714285714285,4.0,0.0,0.0,2.2857142857142856,0.2857142857142857,0,29,8.0,61.0,1,5,10,1,20,1,20,20,20,20,19,1,1,20,19,19,19,19,20
3,11,s45,ds_3_snip_11_s45.java,0,0,0,3,2,3,31,0,12,1,4,93.76537429460444,3.686278124459133,20,0.0,0.0,0.6,0.0,0.6,0.0,0.0,9.1,1.4,0.4,2.4,0.6,6.2,51.0,2.4,0.0,0.0,4.0,0.0,0,16,4.0,93.0,2,7,11,1,20,19,1,20,1,20,19,1,1,1,19,19,19,19,19
3,72,Grantee,ds_3_snip_72_Grantee.java,3,0,0,3,2,0,29,0,4,0,4,64.52932501298082,3.7974168451037094,15,0.0,0.0,0.375,0.0,0.875,0.0,0.0,9.266666666666667,0.5,0.25,0.5,0.0,3.625,22.625,1.5,0.0,0.0,1.875,0.0,0,20,4.0,94.0,3,2,11,1,20,19,1,20,1,20,19,1,1,1,19,1,19,19,20
3,14,close,ds_3_snip_14_close.java,0,1,0,1,0,2,50,0,6,1,9,30.0,2.3783076949126727,8,0.1,0.0,0.1,0.0,0.3,0.0,0.1,11.125,0.5,0.0,0.6,0.2,5.0,17.3,4.0,0.0,0.0,0.8,0.3,0,18,8.0,63.0,2,4,9,1,20,1,1,20,20,20,20,1,1,1,20,20,20,20,20
3,23,s58,ds_3_snip_23_s58.java,0,0,0,2,3,4,26,0,12,0,4,85.95159310338741,3.6241717609419584,20,0.0,0.0,0.4,0.0,0.6,0.0,0.0,10.3,0.6,0.6,2.4,0.8,5.2,51.4,2.4,0.0,0.0,4.0,0.0,0,24,4.0,121.0,1,6,11,1,20,19,1,20,1,20,19,1,1,1,19,19,19,19,19
3,81,assertEquals,ds_3_snip_81_assertEquals.java,3,3,0,1,3,0,80,4,10,5,8,133.25742227201613,3.8430667504198563,22,0.3333333333333333,0.0,0.1111111111111111,0.4444444444444444,0.4444444444444444,0.0,0.3333333333333333,8.090909090909092,1.0,0.3333333333333333,1.1111111111111112,0.0,8.88888888888889,38.44444444444444,4.444444444444445,0.0,0.0,2.4444444444444446,0.4444444444444444,0,25,8.0,81.0,4,7,18,1,20,20,20,20,20,20,20,1,1,20,20,1,20,20,20
3,82,removeName,ds_3_snip_82_removeName.java,1,1,0,1,0,3,38,1,8,1,6,76.14709844115208,3.113334968723065,17,0.14285714285714285,0.0,0.14285714285714285,0.14285714285714285,0.5714285714285714,0.0,0.14285714285714285,7.588235294117647,0.5714285714285714,0.0,1.1428571428571428,0.42857142857142855,5.428571428571429,26.857142857142858,3.4285714285714284,0.0,0.0,2.4285714285714284,0.14285714285714285,0,23,8.0,53.0,1,5,10,1,20,1,20,20,20,20,14,1,1,20,19,19,19,19,20
3,39,compact,ds_3_snip_39_compact.java,1,1,0,0,2,1,41,2,12,2,6,83.76180828526728,3.28015973812571,16,0.14285714285714285,0.0,0.0,0.2857142857142857,0.5714285714285714,0.0,0.14285714285714285,9.4375,0.5714285714285714,0.2857142857142857,1.7142857142857142,0.14285714285714285,5.857142857142857,32.714285714285715,3.4285714285714284,0.0,0.0,2.2857142857142856,0.14285714285714285,0,20,8.0,66.0,1,5,14,1,1,19,20,19,20,20,19,1,1,20,19,19,19,19,20
3,93,check,ds_3_snip_93_check.java,2,1,0,2,2,12,69,3,30,4,7,223.47971260168305,3.8155457973675504,33,0.125,0.0,0.25,0.375,0.625,0.375,0.125,6.424242424242424,0.625,0.25,3.75,1.5,8.625,46.25,4.5,0.0,0.0,4.125,0.125,0,18,8.0,145.0,2,7,17,1,20,16,20,20,20,20,19,1,1,20,19,19,19,19,20
3,42,s76,ds_3_snip_42_s76.java,0,0,0,0,0,7,17,0,16,0,4,53.1508495181978,2.584962500721156,16,0.0,0.0,0.0,0.0,0.6,0.0,0.0,7.4375,0.6,0.0,3.2,1.4,3.4,32.8,2.4,0.0,0.0,3.2,0.0,0,16,4.0,61.0,3,6,6,1,1,1,1,20,1,20,19,1,1,1,19,19,19,19,19
3,61,getParametersMethod,ds_3_snip_61_getParametersMethod.java,0,2,2,3,0,7,128,1,26,1,11,140.55415752892034,2.336640695951672,26,0.15384615384615385,0.15384615384615385,0.23076923076923078,0.07692307692307693,0.38461538461538464,0.07692307692307693,0.15384615384615385,9.846153846153847,0.6923076923076923,0.0,2.0,0.5384615384615384,9.846153846153847,34.46153846153846,7.6923076923076925,0.0,0.0,2.0,0.3076923076923077,0,32,20.0,79.0,2,5,22,1,20,1,20,20,20,20,20,20,1,20,20,20,20,20,20
3,22,s57,ds_3_snip_22_s57.java,0,0,0,3,1,4,27,0,14,0,4,78.86917501586544,3.4043473322310223,19,0.0,0.0,0.6,0.0,0.6,0.0,0.0,7.684210526315789,0.4,0.2,2.8,0.8,5.4,38.8,2.4,0.0,0.0,3.8,0.0,0,16,4.0,80.0,2,7,9,1,20,19,1,20,1,20,19,1,1,1,19,19,19,19,19
3,45,getAnnotatedClasses,ds_3_snip_45_getAnnotatedClasses.java,1,1,0,1,1,6,38,1,16,3,5,102.1865710312585,3.644376577836606,20,0.16666666666666666,0.0,0.16666666666666666,0.16666666666666666,0.6666666666666666,0.0,0.16666666666666666,10.6,1.1666666666666667,0.16666666666666666,2.6666666666666665,1.0,6.333333333333333,51.333333333333336,3.3333333333333335,0.0,0.0,3.3333333333333335,0.16666666666666666,0,32,8.0,90.0,3,5,13,1,20,19,20,20,20,20,19,1,1,20,19,19,19,19,20
3,71,compactString,ds_3_snip_71_compactString.java,1,2,0,3,1,2,63,2,14,3,7,158.45715005480787,3.584750614870802,24,0.25,0.0,0.375,0.25,0.375,0.75,0.25,8.833333333333334,0.5,0.125,1.75,0.25,7.875,37.875,4.0,0.0,0.375,3.0,0.25,1,26,8.0,103.0,1,8,17,1,20,19,20,20,20,20,11,1,20,20,19,19,1,19,20
3,6,s39,ds_3_snip_6_s39.java,0,0,0,2,0,5,23,0,8,3,4,88.0,3.3129072918469564,17,0.0,0.0,0.4,0.0,0.4,0.0,0.0,5.882352941176471,0.4,0.0,1.6,1.0,4.6,29.8,2.4,0.0,0.6,3.4,0.0,2,15,4.0,69.0,2,8,11,1,20,1,1,20,1,20,19,1,20,1,19,19,19,19,19
3,84,s16,ds_3_snip_84_s16.java,0,1,0,2,0,3,31,1,10,1,5,55.350905898196764,2.9375,12,0.16666666666666666,0.0,0.3333333333333333,0.16666666666666666,0.3333333333333333,0.0,0.16666666666666666,11.333333333333334,0.5,0.0,1.6666666666666667,0.5,5.166666666666667,32.833333333333336,3.3333333333333335,0.0,0.0,2.0,0.16666666666666666,0,18,8.0,67.0,2,4,9,1,20,1,20,20,20,20,19,1,1,20,19,19,19,19,19
3,94,s26,ds_3_snip_94_s26.java,0,1,0,0,12,3,77,1,14,9,6,182.75303625876498,3.5598791950993025,27,0.125,0.0,0.0,0.125,0.5,1.375,0.125,5.62962962962963,0.5,1.5,1.75,0.375,9.625,35.875,4.5,0.0,1.125,3.375,0.25,3,16,8.0,89.0,2,9,23,1,1,19,20,20,20,20,19,1,20,20,16,19,19,19,20
3,73,quit,ds_3_snip_73_quit.java,0,1,0,0,0,3,29,0,12,3,6,43.01955000865388,2.149869837094248,9,0.14285714285714285,0.0,0.0,0.0,0.42857142857142855,0.0,0.14285714285714285,9.777777777777779,0.42857142857142855,0.0,1.7142857142857142,0.42857142857142855,4.142857142857143,20.571428571428573,3.4285714285714284,0.0,0.14285714285714285,1.2857142857142858,0.14285714285714285,1,20,8.0,42.0,2,2,9,1,1,1,1,20,20,20,19,1,20,1,19,19,19,19,20
3,33,run,ds_3_snip_33_run.java,1,0,0,1,0,2,20,0,10,0,4,47.548875021634686,3.0337781364463408,14,0.0,0.0,0.2,0.0,0.8,0.0,0.0,8.928571428571429,0.6,0.0,2.0,0.4,4.0,32.0,2.4,0.0,0.0,2.8,0.0,0,22,4.0,57.0,2,4,9,1,20,1,1,20,1,20,19,1,1,1,19,19,19,19,20
3,49,importPackage,ds_3_snip_49_importPackage.java,1,2,0,1,0,3,39,1,14,1,6,65.72920075410866,2.670879970154579,16,0.2857142857142857,0.0,0.14285714285714285,0.14285714285714285,0.7142857142857143,0.0,0.2857142857142857,10.6875,0.7142857142857143,0.0,2.0,0.42857142857142855,5.571428571428571,32.857142857142854,4.0,0.0,0.0,2.2857142857142856,0.2857142857142857,0,26,8.0,40.0,2,6,12,1,20,1,20,20,20,20,19,1,1,20,19,19,19,19,20
3,19,s54,ds_3_snip_19_s54.java,0,0,0,0,7,3,22,0,8,4,4,59.794705707972525,2.7827315205218937,14,0.0,0.0,0.0,0.0,1.4,0.0,0.0,6.071428571428571,0.4,1.4,1.6,0.6,4.4,27.0,2.4,0.0,0.0,2.8,0.0,0,16,4.0,43.0,2,4,8,1,1,19,1,20,1,20,19,1,1,1,19,19,19,19,20
3,3,s36,ds_3_snip_3_s36.java,0,1,0,2,5,3,45,1,14,2,6,112.58797503894243,3.6385484178955303,22,0.14285714285714285,0.0,0.2857142857142857,0.14285714285714285,0.5714285714285714,0.0,0.14285714285714285,6.2272727272727275,0.8571428571428571,0.7142857142857143,2.0,0.42857142857142855,6.428571428571429,33.42857142857143,3.4285714285714284,0.0,0.0,3.142857142857143,0.14285714285714285,0,16,8.0,75.0,3,8,15,1,20,19,20,19,20,20,19,1,1,20,19,19,19,19,20
3,85,s17,ds_3_snip_85_s17.java,0,0,1,4,0,1,47,1,12,1,6,89.85848369899593,3.611824526649736,17,0.0,0.14285714285714285,0.5714285714285714,0.14285714285714285,0.2857142857142857,0.0,0.0,7.176470588235294,0.7142857142857143,0.0,1.7142857142857142,0.14285714285714285,6.714285714285714,29.571428571428573,3.4285714285714284,0.0,0.14285714285714285,2.4285714285714284,0.14285714285714285,1,18,8.0,57.0,2,5,14,1,20,1,20,20,1,20,19,20,20,20,19,19,19,19,20
3,100,Date,ds_3_snip_100_Date.java,0,0,0,3,0,5,24,0,8,1,4,75.28421251514429,3.3124876891689525,16,0.0,0.0,0.6,0.0,0.8,0.2,0.0,7.375,0.4,0.0,1.6,1.0,4.8,31.4,2.4,0.0,0.2,3.2,0.0,1,18,4.0,48.0,2,5,9,1,20,1,1,20,1,20,19,1,20,20,19,19,19,19,20
3,8,s41,ds_3_snip_8_s41.java,0,0,0,2,0,0,76,1,12,1,5,53.88872502451932,2.220295838203349,13,0.1111111111111111,0.0,0.2222222222222222,0.1111111111111111,0.4444444444444444,0.0,0.1111111111111111,6.0,0.4444444444444444,0.0,1.3333333333333333,0.0,8.444444444444445,21.88888888888889,6.666666666666667,0.0,0.1111111111111111,1.4444444444444444,0.1111111111111111,1,16,12.0,48.0,2,3,15,1,20,1,20,20,20,20,20,1,20,20,20,1,20,20,20
3,46,s79,ds_3_snip_46_s79.java,0,1,1,2,3,3,72,2,8,3,8,122.6238852375102,2.978666754886799,23,0.1111111111111111,0.1111111111111111,0.2222222222222222,0.2222222222222222,0.3333333333333333,0.0,0.1111111111111111,4.217391304347826,0.7777777777777778,0.3333333333333333,0.8888888888888888,0.3333333333333333,8.0,25.77777777777778,5.333333333333333,0.0,0.3333333333333333,2.5555555555555554,0.2222222222222222,1,16,12.0,102.0,2,15,15,1,20,20,20,20,20,20,20,20,20,20,20,20,20,20,20
3,27,s62,ds_3_snip_27_s62.java,0,1,0,3,0,2,43,1,10,2,6,70.30835464468075,3.0039333234256778,12,0.14285714285714285,0.0,0.42857142857142855,0.14285714285714285,0.42857142857142855,0.14285714285714285,0.14285714285714285,7.5,0.42857142857142855,0.0,1.4285714285714286,0.2857142857142857,6.142857142857143,22.285714285714285,4.0,0.0,0.14285714285714285,1.7142857142857142,0.14285714285714285,1,16,8.0,49.0,2,4,13,1,20,1,20,20,20,20,19,1,20,20,19,19,19,19,20
3,52,s84,ds_3_snip_52_s84.java,0,0,0,3,0,5,21,0,2,0,4,50.718800023077,2.9465128679489205,13,0.0,0.0,0.6,0.0,0.8,0.0,0.0,7.461538461538462,0.4,0.0,0.4,1.0,4.2,25.4,2.4,0.0,0.0,2.6,0.0,0,16,4.0,43.0,2,5,7,1,20,1,1,20,1,20,19,1,1,1,19,19,19,19,20
3,90,createSettingsPanel,ds_3_snip_90_createSettingsPanel.java,0,0,0,1,4,7,28,0,12,0,5,93.76537429460444,3.3055827189670945,23,0.0,0.0,0.16666666666666666,0.0,0.8333333333333334,0.0,0.0,9.347826086956522,0.6666666666666666,0.6666666666666666,2.0,1.1666666666666667,4.666666666666667,43.166666666666664,2.6666666666666665,0.0,0.0,3.8333333333333335,0.0,0,32,4.0,100.0,2,12,9,1,20,19,1,20,1,20,16,1,1,1,19,19,19,19,20
3,95,comuteDisplayPointCentre,ds_3_snip_95_comuteDisplayPointCentre.java,1,0,0,3,1,6,40,0,12,2,5,128.0,3.997199870207906,23,0.0,0.0,0.5,0.0,1.0,0.6666666666666666,0.0,7.782608695652174,0.8333333333333334,0.16666666666666666,2.0,1.0,6.666666666666667,39.666666666666664,2.6666666666666665,0.0,0.3333333333333333,3.8333333333333335,0.0,1,37,4.0,67.0,2,5,12,1,20,19,1,19,1,20,19,1,20,20,19,19,19,19,20
3,96,filter,ds_3_snip_96_filter.java,1,1,1,2,0,7,73,0,20,0,7,108.0,2.437550901282393,25,0.1111111111111111,0.1111111111111111,0.2222222222222222,0.0,0.4444444444444444,0.0,0.1111111111111111,7.44,0.6666666666666666,0.0,2.2222222222222223,0.7777777777777778,8.11111111111111,33.888888888888886,6.222222222222222,0.0,0.0,2.7777777777777777,0.3333333333333333,0,22,12.0,73.0,3,7,13,1,20,1,1,20,20,20,20,20,1,1,20,20,20,20,20
3,87,Constraint,ds_3_snip_87_Constraint.java,7,0,0,3,6,0,34,0,4,0,4,78.13781191217038,3.9853087307361728,17,0.0,0.0,0.3333333333333333,0.0,1.1111111111111112,0.0,0.0,8.529411764705882,0.5555555555555556,0.6666666666666666,0.4444444444444444,0.0,3.7777777777777777,22.22222222222222,1.3333333333333333,0.0,0.0,1.8888888888888888,0.0,0,23,4.0,125.0,4,2,16,1,20,19,1,20,1,20,19,1,1,1,19,1,19,19,20
3,89,s21,ds_3_snip_89_s21.java,0,2,0,3,0,2,56,0,10,2,8,68.53238859703687,2.3460518645459496,13,0.2,0.0,0.3,0.0,0.5,0.0,0.2,6.846153846153846,0.6,0.0,1.0,0.2,5.6,17.7,4.4,0.0,0.0,1.3,0.3,0,16,8.0,39.0,2,3,12,1,20,1,1,20,20,20,20,1,1,1,20,20,20,20,20
3,25,s60,ds_3_snip_25_s60.java,0,0,0,1,0,1,19,0,6,0,4,28.07354922057604,2.8954618442383215,9,0.0,0.0,0.2,0.0,0.6,0.0,0.0,10.555555555555555,0.6,0.0,1.2,0.2,3.8,26.0,2.4,0.0,0.0,1.8,0.0,0,18,4.0,60.0,1,3,8,1,20,1,1,20,1,20,19,1,1,1,19,19,19,19,19
3,97,s29,ds_3_snip_97_s29.java,0,0,0,3,0,1,20,0,2,1,4,33.0,2.938540041208246,7,0.0,0.0,0.6,0.0,0.6,0.0,0.0,8.714285714285714,0.6,0.0,0.4,0.2,4.0,18.6,2.4,0.0,0.2,1.4,0.0,1,16,4.0,31.0,2,3,7,1,20,1,1,20,1,20,19,1,20,1,19,19,19,19,19
3,68,purgeOldMessagesFromMessagesToIgnore,ds_3_snip_68_purgeOldMessagesFromMessagesToIgnore.java,1,2,1,2,1,9,107,1,26,3,10,185.4406125843753,2.5823685624890946,30,0.18181818181818182,0.09090909090909091,0.18181818181818182,0.09090909090909091,0.36363636363636365,0.2727272727272727,0.18181818181818182,9.333333333333334,0.6363636363636364,0.09090909090909091,2.3636363636363638,0.8181818181818182,9.727272727272727,39.81818181818182,7.2727272727272725,0.0,0.09090909090909091,2.727272727272727,0.2727272727272727,1,49,16.0,78.0,3,6,21,1,20,20,20,20,20,20,20,20,20,20,20,20,20,20,20
3,18,s53,ds_3_snip_18_s53.java,0,1,0,2,0,5,75,0,18,3,9,92.0,2.5890038287775923,17,0.1,0.0,0.2,0.0,0.5,0.1,0.1,8.176470588235293,0.8,0.0,1.8,0.5,7.5,28.0,5.6,0.0,0.0,1.7,0.3,0,16,12.0,61.0,3,4,17,1,20,1,1,20,20,20,20,1,1,20,20,20,20,20,20
3,35,DisbandUnitAction,ds_3_snip_35_DisbandUnitAction.java,1,0,0,0,0,0,0,0,0,6,4,112.58797503894243,-0.0,21,0.0,0.0,0.0,0.0,0.2,0.0,0.0,15.142857142857142,0.0,0.0,0.0,0.0,0.0,0.0,0.0,0.16666666666666666,0.6,4.2,0.0,1,30,0.0,0.0,0,3,1,1,1,1,1,20,1,20,1,1,20,1,1,1,1,1,1
3,55,correctTimeZone,ds_3_snip_55_correctTimeZone.java,1,2,0,1,0,10,57,0,18,4,7,137.6075250475963,3.0525242214623574,24,0.25,0.0,0.125,0.0,0.375,0.5,0.25,7.291666666666667,0.625,0.0,2.25,1.25,7.125,35.125,4.5,0.0,0.5,3.0,0.25,4,28,12.0,65.0,2,6,21,1,20,1,1,20,20,20,19,1,20,20,19,19,19,19,20
3,38,getListCellRendererComponent,ds_3_snip_38_getListCellRendererComponent.java,5,1,0,4,8,1,61,0,12,1,7,138.97373660251156,4.133835292448425,29,0.125,0.0,0.5,0.0,0.5,0.0,0.125,9.206896551724139,1.0,1.0,1.5,0.125,7.625,46.25,3.5,0.0,0.0,3.625,0.125,0,41,8.0,126.0,4,7,13,1,20,19,1,20,20,20,19,1,1,1,14,19,1,19,20
3,9,removeProgram,ds_3_snip_9_removeProgram.java,1,2,0,1,1,2,65,2,12,3,8,83.76180828526728,2.553265033123531,16,0.2222222222222222,0.0,0.1111111111111111,0.2222222222222222,0.5555555555555556,0.0,0.2222222222222222,9.25,0.5555555555555556,0.1111111111111111,1.3333333333333333,0.2222222222222222,7.222222222222222,28.444444444444443,5.333333333333333,0.0,0.0,1.7777777777777777,0.2222222222222222,0,25,12.0,62.0,3,4,13,1,20,20,20,20,20,20,20,1,1,20,20,20,20,20,20
3,99,s31,ds_3_snip_99_s31.java,0,2,0,0,0,4,44,0,24,1,6,71.69925001442313,3.0020325410116473,18,0.2857142857142857,0.0,0.0,0.0,0.42857142857142855,0.14285714285714285,0.2857142857142857,11.666666666666666,1.2857142857142858,0.0,3.4285714285714284,0.5714285714285714,6.285714285714286,46.285714285714285,4.0,0.0,0.0,2.5714285714285716,0.2857142857142857,0,24,8.0,73.0,2,4,11,1,1,1,1,20,20,20,19,1,1,20,19,19,19,19,20
3,15,actionPerformed,ds_3_snip_15_actionPerformed.java,1,2,0,1,0,0,50,0,12,2,8,38.03910001730775,2.275956843128507,9,0.2222222222222222,0.0,0.1111111111111111,0.0,0.4444444444444444,0.0,0.2222222222222222,11.11111111111111,0.4444444444444444,0.0,1.3333333333333333,0.0,5.555555555555555,18.77777777777778,4.444444444444445,0.0,0.0,1.0,0.2222222222222222,0,28,8.0,46.0,2,3,11,1,20,1,1,20,20,20,20,1,1,1,20,1,20,20,20
3,51,filter2,ds_3_snip_51_filter2.java,1,2,1,2,0,6,68,0,24,0,8,110.36149671375918,2.8380950047587272,25,0.2222222222222222,0.1111111111111111,0.2222222222222222,0.0,0.3333333333333333,0.0,0.2222222222222222,8.76,0.8888888888888888,0.0,2.6666666666666665,0.6666666666666666,7.555555555555555,38.0,5.333333333333333,0.0,0.0,2.7777777777777777,0.3333333333333333,0,22,12.0,77.0,3,7,13,1,20,1,1,20,20,20,20,20,1,1,20,20,20,20,20
3,80,s12,ds_3_snip_80_s12.java,0,0,0,0,1,4,16,0,10,0,4,44.97261104228487,2.409267252251469,13,0.0,0.0,0.0,0.0,0.4,0.0,0.0,7.384615384615385,0.4,0.2,2.0,0.8,3.2,25.4,2.4,0.0,0.0,2.6,0.0,0,16,4.0,43.0,2,5,6,1,1,19,1,20,1,20,19,1,1,1,19,19,19,19,19
3,44,s77,ds_3_snip_44_s77.java,0,0,0,2,1,6,37,0,16,2,4,142.62362713128297,4.033744211143122,24,0.0,0.0,0.4,0.0,0.6,1.0,0.0,9.875,1.0,0.2,3.2,1.2,7.4,64.4,2.4,0.0,0.0,4.8,0.0,0,21,4.0,151.0,3,5,19,1,20,19,1,20,1,20,19,1,1,20,19,19,19,19,19
3,67,s99,ds_3_snip_67_s99.java,0,1,0,2,0,10,62,6,14,2,6,203.13062045970605,3.647581813301315,32,0.14285714285714285,0.0,0.2857142857142857,0.8571428571428571,0.42857142857142855,0.0,0.14285714285714285,7.65625,0.5714285714285714,0.0,2.0,1.4285714285714286,8.857142857142858,52.714285714285715,4.0,0.0,0.0,4.571428571428571,0.14285714285714285,0,16,8.0,214.0,1,7,29,1,20,1,20,20,20,20,19,1,1,20,19,19,19,19,20
3,32,addZero,ds_3_snip_32_addZero.java,1,1,0,1,0,3,41,1,12,2,7,71.69925001442313,3.008805622540177,16,0.125,0.0,0.125,0.125,0.75,0.0,0.125,8.625,0.5,0.0,1.5,0.375,5.125,26.25,3.5,0.0,0.125,2.0,0.125,1,20,8.0,48.0,1,5,9,1,20,1,20,20,20,20,19,1,20,20,16,19,1,19,20
3,47,returnToTitle,ds_3_snip_47_returnToTitle.java,0,0,0,0,0,0,15,0,8,0,4,11.60964047443681,2.216917186688699,5,0.0,0.0,0.0,0.0,1.6,0.0,0.0,16.8,0.4,0.0,1.6,0.0,3.0,19.2,2.4,0.0,0.0,1.0,0.0,0,26,4.0,29.0,2,1,5,1,1,1,1,20,1,20,19,1,1,1,19,1,19,19,20
3,54,jjCanMove,ds_3_snip_54_jjCanMove_1.java,5,1,0,0,4,0,104,2,12,5,6,89.85848369899593,2.6123182728357737,14,0.2,0.0,0.0,0.2,0.4,0.0,0.2,5.785714285714286,1.3,0.4,1.2,0.0,10.4,28.9,7.6,0.0,0.1,1.4,0.1,1,24,16.0,88.0,8,6,18,1,1,20,20,20,20,20,20,1,20,20,20,1,20,20,20
3,66,s98,ds_3_snip_66_s98.java,0,0,1,3,0,4,30,1,14,1,5,97.67226489021297,3.815995906672543,20,0.0,0.2,0.6,0.2,0.6,0.0,0.0,6.85,0.8,0.0,2.8,0.8,6.0,40.4,2.4,0.0,0.2,4.0,0.2,1,22,4.0,84.0,2,10,14,1,20,1,20,20,1,20,19,20,20,20,19,19,19,19,19
3,13,readData,ds_3_snip_13_readData.java,1,0,0,3,1,3,26,0,8,0,4,62.26976913547136,3.448064816417385,15,0.0,0.0,0.6,0.0,0.8,0.0,0.0,9.533333333333333,0.8,0.2,1.6,0.6,5.2,37.4,2.4,0.0,0.0,3.0,0.0,0,22,4.0,91.0,3,5,8,1,20,19,1,20,1,20,19,1,1,1,19,19,19,19,20
3,37,getASMModifiers,ds_3_snip_37_getASMModifiers.java,1,2,0,2,0,1,47,1,8,4,7,62.26976913547136,2.872224320061398,11,0.25,0.0,0.25,0.125,0.5,0.0,0.25,10.181818181818182,0.875,0.0,1.0,0.125,5.875,23.375,4.0,0.0,0.25,1.375,0.25,1,28,8.0,49.0,2,4,11,1,20,1,20,20,20,20,11,1,20,20,19,19,1,19,20
3,59,jjMoveStringLiteralDfa18,ds_3_snip_59_jjMoveStringLiteralDfa18_0.java,4,1,0,3,9,3,79,1,18,6,10,149.33879237447786,3.751589656684233,23,0.1,0.0,0.3,0.1,0.4,0.0,0.1,9.217391304347826,1.1,0.9,1.8,0.3,7.9,36.4,4.4,0.0,0.3,2.3,0.3,1,39,8.0,96.0,6,7,14,1,20,20,20,20,20,20,20,1,20,20,20,20,20,20,20
3,16,getBaseName,ds_3_snip_16_getBaseName.java,1,1,0,1,0,2,35,1,8,3,5,65.72920075410866,3.336591668108978,13,0.16666666666666666,0.0,0.16666666666666666,0.16666666666666666,0.5,0.16666666666666666,0.16666666666666666,7.846153846153846,1.0,0.0,1.3333333333333333,0.3333333333333333,5.833333333333333,27.833333333333332,3.3333333333333335,0.0,0.3333333333333333,2.1666666666666665,0.16666666666666666,1,24,8.0,53.0,2,4,10,1,20,1,20,20,20,20,19,1,20,20,19,19,19,19,20
3,20,s55,ds_3_snip_20_s55.java,0,2,0,2,2,4,68,1,16,1,8,88.0,2.3999987055173158,18,0.2222222222222222,0.0,0.2222222222222222,0.1111111111111111,0.5555555555555556,0.0,0.2222222222222222,12.722222222222221,0.4444444444444444,0.2222222222222222,1.7777777777777777,0.4444444444444444,7.555555555555555,37.111111111111114,5.777777777777778,0.0,0.0,2.0,0.2222222222222222,0,27,12.0,136.0,2,4,15,1,20,20,20,20,20,20,20,1,1,20,20,20,20,20,20
3,10,link,ds_3_snip_10_link.java,1,0,0,3,0,3,21,0,2,0,4,38.77443751081734,2.94651286794892,12,0.0,0.0,0.6,0.0,0.4,0.0,0.0,6.416666666666667,0.2,0.0,0.4,0.6,4.2,20.4,2.4,0.0,0.0,2.4,0.0,0,17,4.0,35.0,1,3,7,1,20,1,1,20,1,20,19,1,1,1,19,19,19,19,19
3,12,getGlobal,ds_3_snip_12_getGlobal.java,1,1,0,0,0,1,33,1,8,1,4,41.20902501875006,2.486328667787185,11,0.16666666666666666,0.0,0.0,0.16666666666666666,0.6666666666666666,0.0,0.16666666666666666,12.181818181818182,0.8333333333333334,0.0,1.3333333333333333,0.16666666666666666,5.5,31.333333333333332,4.0,0.0,0.0,1.8333333333333333,0.3333333333333333,0,22,8.0,57.0,1,4,10,1,1,1,20,20,20,20,19,1,1,20,19,19,19,19,20
3,78,moveUnit,ds_3_snip_78_moveUnit.java,1,1,0,0,0,7,82,0,12,0,7,68.53238859703687,1.812750922331103,18,0.16666666666666666,0.0,0.0,0.0,0.3333333333333333,0.0,0.16666666666666666,9.055555555555555,0.5,0.0,1.0,0.5833333333333334,6.833333333333333,24.833333333333332,6.0,0.0,0.0,1.5,0.16666666666666666,0,24,12.0,52.0,2,4,13,1,1,1,1,20,20,20,20,1,1,1,20,20,20,20,20
3,40,s74,ds_3_snip_40_s74.java,0,0,1,3,1,3,41,0,14,0,6,64.52932501298082,2.7542980777436474,15,0.0,0.14285714285714285,0.42857142857142855,0.0,0.5714285714285714,0.0,0.0,9.466666666666667,0.42857142857142855,0.14285714285714285,2.0,0.42857142857142855,5.857142857142857,30.0,4.0,0.0,0.0,2.142857142857143,0.14285714285714285,0,21,8.0,63.0,2,4,12,1,20,19,1,20,1,20,19,20,1,1,19,19,19,19,20
3,88,s20,ds_3_snip_88_s20.java,0,0,0,2,2,0,28,0,6,1,4,49.82892142331044,3.8052456498523726,12,0.0,0.0,0.4,0.0,0.6,0.0,0.0,8.416666666666666,0.8,0.4,1.2,0.0,5.6,30.4,2.4,0.0,0.0,2.4,0.0,0,16,4.0,64.0,2,4,12,1,20,19,1,20,1,20,19,1,1,1,19,1,19,19,19
3,4,s37,ds_3_snip_4_s37.java,0,2,1,1,4,10,50,1,32,1,7,144.4295354570819,3.5147405382595114,30,0.2857142857142857,0.14285714285714285,0.14285714285714285,0.14285714285714285,0.2857142857142857,0.0,0.2857142857142857,8.5,0.7142857142857143,0.5714285714285714,4.571428571428571,1.4285714285714286,7.142857142857143,55.42857142857143,4.0,0.0,0.0,4.285714285714286,0.2857142857142857,0,30,8.0,99.0,2,7,15,1,20,19,20,20,20,20,19,20,1,20,19,19,19,19,20
3,69,s1,ds_3_snip_69_s1.java,0,1,0,2,1,2,86,0,12,1,8,83.76180828526728,2.6414530160094216,19,0.18181818181818182,0.0,0.18181818181818182,0.0,0.45454545454545453,0.0,0.18181818181818182,6.894736842105263,0.8181818181818182,0.09090909090909091,1.0909090909090908,0.18181818181818182,7.818181818181818,26.727272727272727,5.818181818181818,0.0,0.0,1.7272727272727273,0.18181818181818182,0,15,16.0,51.0,3,6,18,1,20,20,1,20,20,20,20,1,1,1,20,20,20,20,20
3,30,s65,ds_3_snip_30_s65.java,0,0,1,4,0,4,47,1,6,1,6,103.61231210795059,3.611824526649736,22,0.0,0.14285714285714285,0.5714285714285714,0.14285714285714285,0.42857142857142855,0.0,0.0,6.090909090909091,0.7142857142857143,0.0,0.8571428571428571,0.5714285714285714,6.714285714285714,32.0,3.4285714285714284,0.0,0.14285714285714285,3.142857142857143,0.14285714285714285,1,16,8.0,56.0,2,5,14,1,20,1,20,20,1,20,19,20,20,20,19,19,19,19,20
9_nc,8,getMove,ds_9$nc_snip_8_getMove.java,2,0,3,7,2,23,175,0,56,11,26,444.61355012403885,2.849537183275978,68,0.0,0.1111111111111111,0.25925925925925924,0.0,0.14814814814814814,0.0,0.0,7.514705882352941,0.3333333333333333,0.07407407407407407,2.074074074074074,0.8518518518518519,6.481481481481482,31.555555555555557,5.037037037037037,0.0,0.0,2.5185185185185186,0.1111111111111111,0,22,8.0,65.0,3,5,11,1,21,20,1,21,1,21,20,21,1,1,20,20,20,20,21
9_nc,2,logAndEmailSeriousProblemS123,ds_9$nc_snip_2_logAndEmailSeriousProblemS123.java,2,0,0,3,3,12,54,0,24,2,10,201.7383500317309,3.3606897124232566,39,0.0,0.0,0.2727272727272727,0.0,0.6363636363636364,0.0,0.0,10.743589743589743,0.2727272727272727,0.2727272727272727,2.1818181818181817,1.0909090909090908,4.909090909090909,45.36363636363637,3.272727272727273,0.0,0.0,3.5454545454545454,0.0,0,44,4.0,86.0,2,5,10,1,20,20,1,20,1,20,20,1,1,1,20,20,20,20,20
9_nc,6,writeUTable323,ds_9$nc_snip_6_writeUTable323.java,1,4,1,15,2,21,386,2,64,9,31,627.0483689955201,2.3371042503053836,83,0.125,0.03125,0.46875,0.0625,0.15625,0.0,0.125,7.27710843373494,0.4375,0.0625,2.0,0.65625,12.0625,36.875,9.75,0.0,0.09375,2.59375,0.21875,2,29,20.0,87.0,2,9,24,1,21,20,21,21,21,21,20,21,21,21,20,20,20,20,21
9_nc,3,apply213,ds_9$nc_snip_3_apply213.java,2,5,0,6,2,17,313,3,46,3,23,351.7479380374682,1.9435404737280002,58,0.20833333333333334,0.0,0.25,0.125,0.16666666666666666,0.0,0.20833333333333334,11.46551724137931,0.4166666666666667,0.08333333333333333,1.9166666666666667,0.7083333333333334,13.041666666666666,46.291666666666664,11.0,0.0,0.0,2.4166666666666665,0.2916666666666667,0,27,20.0,89.0,2,5,21,1,21,20,21,21,21,21,20,1,1,21,20,20,20,20,20
9_nc,1,logAndEmailSeriousProblemS113,ds_9$nc_snip_1_logAndEmailSeriousProblemS113.java,2,0,0,1,3,12,40,0,24,2,8,155.58941141594505,3.1078284466094512,33,0.0,0.0,0.1111111111111111,0.0,0.7777777777777778,0.0,0.0,11.090909090909092,0.3333333333333333,0.3333333333333333,2.6666666666666665,1.3333333333333333,4.444444444444445,47.55555555555556,3.111111111111111,0.0,0.0,3.6666666666666665,0.0,0,44,4.0,102.0,2,5,10,1,20,20,1,20,1,20,20,1,1,1,20,20,20,20,20
9_nc,7,getMove413,ds_9$nc_snip_7_getMove413.java,2,0,3,6,2,23,128,0,56,11,18,381.5597130937755,3.1086996252396784,58,0.0,0.15789473684210525,0.3157894736842105,0.0,0.21052631578947367,0.0,0.0,7.482758620689655,0.47368421052631576,0.10526315789473684,2.9473684210526314,1.2105263157894737,6.7368421052631575,37.68421052631579,4.842105263157895,0.0,0.0,3.0526315789473686,0.15789473684210525,0,25,8.0,93.0,3,9,11,1,20,20,1,20,1,20,20,20,1,1,20,20,20,20,20
9_nc,5,copyUTable313,ds_9$nc_snip_5_copyUTable313.java,1,4,1,8,2,33,303,2,88,9,24,517.662472586761,2.1710791813624226,76,0.16,0.04,0.32,0.08,0.2,0.0,0.16,8.105263157894736,0.56,0.08,3.52,1.32,12.12,45.28,9.92,0.0,0.12,3.04,0.28,2,28,20.0,183.0,2,7,24,1,21,20,21,21,21,21,20,21,21,21,20,20,20,20,20
9_nc,10,shortenText523,ds_9$nc_snip_10_shortenText523.java,2,1,1,13,3,10,214,3,22,7,23,507.3986130107759,3.496881065071561,66,0.041666666666666664,0.041666666666666664,0.5416666666666666,0.125,0.20833333333333334,0.25,0.041666666666666664,6.181818181818182,0.5416666666666666,0.125,0.9166666666666666,0.4166666666666667,8.916666666666666,30.916666666666668,5.833333333333333,0.0,0.25,2.75,0.08333333333333333,2,30,12.0,72.0,2,6,16,1,21,20,21,21,21,21,20,21,21,21,20,20,20,20,21
9_nc,4,apply223,ds_9$nc_snip_4_apply223.java,2,5,0,9,2,16,358,3,44,3,26,398.5071354293178,1.9223960951686128,63,0.18518518518518517,0.0,0.3333333333333333,0.1111111111111111,0.14814814814814814,0.0,0.18518518518518517,11.634920634920634,0.37037037037037035,0.07407407407407407,1.6296296296296295,0.5925925925925926,13.25925925925926,45.407407407407405,11.25925925925926,0.0,0.0,2.3333333333333335,0.25925925925925924,0,27,20.0,89.0,2,5,21,1,21,20,21,21,21,21,20,1,1,21,20,20,20,20,21
9_nc,9,shortenText513,ds_9$nc_snip_9_shortenText513.java,2,1,1,10,3,10,190,3,22,7,20,435.98905644032214,3.451829363037666,58,0.047619047619047616,0.047619047619047616,0.47619047619047616,0.14285714285714285,0.23809523809523808,0.2857142857142857,0.047619047619047616,6.189655172413793,0.6190476190476191,0.14285714285714285,1.0476190476190477,0.47619047619047616,9.047619047619047,31.61904761904762,5.904761904761905,0.0,0.2857142857142857,2.761904761904762,0.09523809523809523,2,29,12.0,72.0,2,6,16,1,21,20,21,21,21,21,20,21,21,21,20,20,20,20,20
9_gc,1,logAndEmailSeriousProblemS111,ds_9$gc_snip_1_logAndEmailSeriousProblemS111.java,2,0,0,1,3,12,40,0,24,2,8,155.58941141594505,3.1078284466094512,33,0.0,0.0,0.1111111111111111,0.0,1.1111111111111112,0.0,0.0,11.090909090909092,0.3333333333333333,0.3333333333333333,2.6666666666666665,1.3333333333333333,4.444444444444445,47.55555555555556,3.111111111111111,0.0,0.0,3.6666666666666665,0.0,0,44,4.0,102.0,2,5,10,1,20,20,1,20,1,20,20,1,1,1,20,20,20,20,20
9_gc,6,writeUTable321,ds_9$gc_snip_6_writeUTable321.java,1,4,1,15,2,21,386,2,64,9,31,627.0483689955201,2.3371042503053836,83,0.125,0.03125,0.46875,0.0625,0.34375,0.0,0.125,7.27710843373494,0.4375,0.0625,2.0,0.65625,12.0625,36.875,9.75,0.0,0.09375,2.59375,0.21875,2,29,20.0,87.0,2,9,24,1,21,20,21,21,21,21,20,21,21,21,20,20,20,20,21
9_gc,7,getMove411,ds_9$gc_snip_7_getMove411.java,2,0,3,6,2,23,128,0,56,11,18,381.5597130937755,3.1086996252396784,58,0.0,0.15789473684210525,0.3157894736842105,0.0,0.6842105263157895,0.0,0.0,7.482758620689655,0.47368421052631576,0.10526315789473684,2.9473684210526314,1.2105263157894737,6.7368421052631575,37.68421052631579,4.842105263157895,0.0,0.0,3.0526315789473686,0.15789473684210525,0,25,8.0,93.0,3,9,11,1,21,20,1,21,1,21,20,21,1,1,20,20,20,20,21
9_gc,10,shortenText521,ds_9$gc_snip_10_shortenText521.java,2,1,1,13,3,10,214,3,22,7,23,507.3986130107759,3.496881065071561,66,0.041666666666666664,0.041666666666666664,0.5416666666666666,0.125,0.4166666666666667,0.25,0.041666666666666664,6.181818181818182,0.5416666666666666,0.125,0.9166666666666666,0.4166666666666667,8.916666666666666,30.916666666666668,5.833333333333333,0.0,0.25,2.75,0.08333333333333333,2,30,12.0,72.0,2,6,16,1,21,20,21,21,21,21,20,21,21,21,20,20,20,20,21
9_gc,4,apply,ds_9$gc_snip_4_apply.java,2,5,0,9,2,16,358,3,44,3,26,398.5071354293178,1.9223960951686128,63,0.18518518518518517,0.0,0.3333333333333333,0.1111111111111111,0.5185185185185185,0.0,0.18518518518518517,11.53968253968254,0.37037037037037035,0.07407407407407407,1.6296296296296295,0.5925925925925926,13.25925925925926,45.2962962962963,11.25925925925926,0.0,0.0,2.3333333333333335,0.25925925925925924,0,27,20.0,89.0,2,5,21,1,21,20,21,21,21,21,20,1,1,21,20,20,20,20,21
9_gc,2,logAndEmailSeriousProblemS121,ds_9$gc_snip_2_logAndEmailSeriousProblemS121.java,2,0,0,3,3,12,54,0,24,2,10,201.7383500317309,3.3606897124232566,39,0.0,0.0,0.2727272727272727,0.0,1.0,0.0,0.0,10.743589743589743,0.2727272727272727,0.2727272727272727,2.1818181818181817,1.0909090909090908,4.909090909090909,45.36363636363637,3.272727272727273,0.0,0.0,3.5454545454545454,0.0,0,44,4.0,86.0,2,5,10,1,20,20,1,20,1,20,20,1,1,1,20,20,20,20,20
9_gc,8,getMove421,ds_9$gc_snip_8_getMove421.java,2,0,3,7,2,23,175,0,56,11,26,444.61355012403885,2.849537183275978,68,0.0,0.1111111111111111,0.25925925925925924,0.0,0.3333333333333333,0.0,0.0,7.602941176470588,0.3333333333333333,0.07407407407407407,2.074074074074074,0.8518518518518519,6.481481481481482,31.666666666666668,5.037037037037037,0.0,0.0,2.5185185185185186,0.1111111111111111,0,25,8.0,68.0,3,5,11,1,21,20,1,21,1,21,20,21,1,1,20,20,20,20,21
9_gc,3,apply211,ds_9$gc_snip_3_apply211.java,2,5,0,6,2,17,313,3,46,3,23,351.7479380374682,1.9435404737280002,58,0.20833333333333334,0.0,0.25,0.125,0.75,0.0,0.20833333333333334,11.46551724137931,0.4166666666666667,0.08333333333333333,1.9166666666666667,0.7083333333333334,13.041666666666666,46.291666666666664,11.0,0.0,0.0,2.4166666666666665,0.2916666666666667,0,27,20.0,89.0,2,5,21,1,21,20,21,21,21,21,20,1,1,21,20,20,20,20,21
9_gc,9,shortenText511,ds_9$gc_snip_9_shortenText511.java,2,1,1,10,3,10,190,3,22,7,20,435.98905644032214,3.451829363037666,58,0.047619047619047616,0.047619047619047616,0.47619047619047616,0.14285714285714285,0.6190476190476191,0.2857142857142857,0.047619047619047616,6.189655172413793,0.6190476190476191,0.14285714285714285,1.0476190476190477,0.47619047619047616,9.047619047619047,31.61904761904762,5.904761904761905,0.0,0.2857142857142857,2.761904761904762,0.09523809523809523,2,29,12.0,72.0,2,6,16,1,21,20,21,21,21,21,20,21,21,21,20,20,20,20,21
9_gc,5,copyUTable311,ds_9$gc_snip_5_copyUTable311.java,1,4,1,8,2,33,303,2,88,9,24,517.662472586761,2.1710791813624226,76,0.16,0.04,0.32,0.08,0.6,0.0,0.16,8.105263157894736,0.56,0.08,3.52,1.32,12.12,45.28,9.92,0.0,0.12,3.04,0.28,2,28,20.0,183.0,2,7,24,1,21,20,21,21,21,21,20,21,21,21,20,20,20,20,21
