dataset_id,snippet_id,method_name,file,parameters,ifStatements,loops,assignmentExpressions,commas,periods,spaces,comparisons,parenthesis,literals,statements,avgConditionals,avgLoops,avgAssignmentExpressions,avgComparisons,avgComments,avgConditionals,avgCommas,avgParenthesis,avgPeriods,avgSpaces,avgLineLength,maxLineLength,avgIndentation,maxIndentation,avgBlankLines,avgArithmeticOperators,avgNumbers,maxNumbers
6,3-HibernateORM,execute,ds_6_snip_3$HibernateORM_execute.java,2,4,3,6,19,34,867,6,92,14,54,0.07547169811320754,0.05660377358490566,0.11320754716981132,0.11320754716981132,0.1320754716981132,0.0,0.07547169811320754,0.3584905660377358,1.7358490566037736,0.6415094339622641,16.358490566037737,48.905660377358494,125.0,14.264150943396226,28.0,0.0,0.09433962264150944,1
6,1-SpringBatch,testFailureAndRecovery,ds_6_snip_1$SpringBatch_testFailureAndRecovery.java,0,0,0,0,9,15,692,0,72,7,34,0.0,0.0,0.0,0.0,0.07317073170731707,0.024390243902439025,0.0,0.20454545454545456,1.6363636363636365,0.3409090909090909,15.727272727272727,40.95454545454545,112.0,14.0,28.0,0.06818181818181818,0.04878048780487805,1
6,1-OpenCMSCore,createContextMenu,ds_6_snip_1$OpenCMSCore_createContextMenu.java,1,0,0,0,6,27,153,0,118,0,28,0.0,0.0,0.0,0.0,0.06896551724137931,0.0,0.0,0.20689655172413793,4.068965517241379,0.9310344827586207,5.275862068965517,59.689655172413794,278.0,3.7241379310344827,4.0,0.0,0.0,0
6,5-CarReport,downloadFile,ds_6_snip_5$CarReport_downloadFile.java,0,3,0,1,6,12,262,1,52,5,29,0.1111111111111111,0.0,0.037037037037037035,0.037037037037037035,0.1111111111111111,0.037037037037037035,0.1111111111111111,0.2222222222222222,1.9259259259259258,0.4444444444444444,9.703703703703704,34.25925925925926,97.0,7.555555555555555,16.0,0.0,0.0,0
6,4-K9,StorageManager,ds_6_snip_4$K9_StorageManager.java,1,2,1,1,0,0,0,1,0,2,13,0.14285714285714285,0.07142857142857142,0.07142857142857142,0.07142857142857142,0.42857142857142855,0.0,0.14285714285714285,0.0,0.0,0.0,0.0,0.0,0.0,0.0,0.0,0.06666666666666667,0.0,0
6,1-HibernateORM,getOverriddenColumn,ds_6_snip_1$HibernateORM_getOverriddenColumn.java,1,2,0,1,1,2,65,2,14,5,8,0.2222222222222222,0.0,0.1111111111111111,0.2222222222222222,4.0,0.0,0.2222222222222222,0.1111111111111111,1.5555555555555556,0.2222222222222222,7.222222222222222,34.55555555555556,76.0,4.888888888888889,12.0,0.0,0.0,0
6,1-EstimatorUtils,getMinMax,ds_6_snip_1$EstimatorUtils_getMinMax.java,3,6,1,8,2,18,412,4,60,7,35,0.16666666666666666,0.027777777777777776,0.2222222222222222,0.1111111111111111,0.08333333333333333,0.0,0.16666666666666666,0.05555555555555555,1.6666666666666667,0.5,11.444444444444445,34.72222222222222,94.0,9.333333333333334,24.0,0.0,0.1111111111111111,1
6,2-SpringBatch,testArtifactUniqueness,ds_6_snip_2$SpringBatch_testArtifactUniqueness.java,0,0,0,8,19,18,123,0,60,36,20,0.0,0.0,0.38095238095238093,0.0,0.14285714285714285,0.0,0.0,0.9047619047619048,2.857142857142857,0.8571428571428571,5.857142857142857,44.0,69.0,3.619047619047619,4.0,0.0,0.0,0
6,4-SpringBatch,testCustomRecordSeparatorMultilineBlankLineAfterEnd,ds_6_snip_4$SpringBatch_testCustomRecordSeparatorMultilineBlankLineAfterEnd.java,0,1,0,1,2,7,215,0,32,5,15,0.041666666666666664,0.0,0.041666666666666664,0.0,0.16666666666666666,0.0,0.041666666666666664,0.07142857142857142,1.1428571428571428,0.25,7.678571428571429,27.321428571428573,84.0,6.428571428571429,16.0,0.14285714285714285,0.0,0
6,1-ModelPerformanceChart,performRequest,ds_6_snip_1$ModelPerformanceChart_performRequest.java,1,3,0,7,2,26,479,1,50,14,34,0.08333333333333333,0.0,0.19444444444444445,0.027777777777777776,0.1111111111111111,0.027777777777777776,0.08333333333333333,0.05405405405405406,1.3513513513513513,0.7027027027027027,12.945945945945946,34.270270270270274,77.0,11.45945945945946,24.0,0.02702702702702703,0.08333333333333333,2
6,2-MyExpenses,getContentProviderOperationsForCreate,ds_6_snip_2$MyExpenses_getContentProviderOperationsForCreate.java,3,16,0,14,9,45,550,18,132,21,62,0.25806451612903225,0.0,0.22580645161290322,0.2903225806451613,0.04838709677419355,0.016129032258064516,0.25806451612903225,0.14516129032258066,2.129032258064516,0.7258064516129032,8.870967741935484,33.774193548387096,144.0,6.451612903225806,16.0,0.0,0.11290322580645161,1
6,1-Pom,HealthReport,ds_6_snip_1$Pom_HealthReport.java,3,9,0,13,0,0,0,9,0,10,36,0.2903225806451613,0.0,0.41935483870967744,0.2903225806451613,0.0967741935483871,0.0,0.2903225806451613,0.0,0.0,0.0,0.0,0.0,0.0,0.0,0.0,0.03125,0.25806451612903225,1
6,1-Antlr4Master,analyze,ds_6_snip_1$Antlr4Master_analyze.java,3,3,3,0,10,17,225,0,60,6,24,0.12,0.12,0.0,0.0,0.24,0.28,0.12,0.4,2.4,0.68,9.0,49.64,145.0,6.4,12.0,0.0,0.0,0
6,2-CarReport,onCreate,ds_6_snip_2$CarReport_onCreate.java,1,0,0,7,7,43,304,0,82,1,29,0.0,0.0,0.18421052631578946,0.0,0.21052631578947367,0.0,0.0,0.16279069767441862,1.9069767441860466,1.0,7.069767441860465,41.30232558139535,102.0,5.5813953488372094,12.0,0.11627906976744186,0.0,0
6,1-ClassifierPerformanceEvaluatorCustomizer,addButtons,ds_6_snip_1$ClassifierPerformanceEvaluatorCustomizer_addButtons.java,0,4,1,0,4,16,410,4,62,12,30,0.10810810810810811,0.02702702702702703,0.0,0.10810810810810811,0.02702702702702703,0.02702702702702703,0.10810810810810811,0.10256410256410256,1.5897435897435896,0.41025641025641024,10.512820512820513,32.43589743589744,104.0,8.923076923076923,20.0,0.05128205128205128,0.13513513513513514,2
6,3-K9,open,ds_6_snip_3$K9_open_withXoauth2Extension_shouldThrowOnMultipleFailure.java,0,0,0,0,3,22,132,0,48,16,26,0.0,0.0,0.0,0.0,0.11538461538461539,0.07692307692307693,0.0,0.11538461538461539,1.8461538461538463,0.8461538461538461,5.076923076923077,33.88461538461539,115.0,4.153846153846154,8.0,0.0,0.0,0
6,2-K9,getInstance,ds_6_snip_2$K9_getInstance.java,2,7,0,3,7,9,229,3,50,10,25,0.2916666666666667,0.0,0.125,0.125,0.125,0.041666666666666664,0.2916666666666667,0.2916666666666667,2.0833333333333335,0.375,9.541666666666666,41.625,188.0,6.666666666666667,12.0,0.0,0.0,0
6,4-CarReport,showFullScreenChart,ds_6_snip_4$CarReport_showFullScreenChart.java,2,2,0,6,18,46,241,2,90,8,33,0.05555555555555555,0.0,0.16666666666666666,0.05555555555555555,0.3333333333333333,0.05555555555555555,0.05555555555555555,0.4864864864864865,2.4324324324324325,1.2432432432432432,6.513513513513513,56.891891891891895,440.0,4.54054054054054,12.0,0.02702702702702703,0.0,0
6,2-Pom,,ds_6_snip_2$Pom__getRuns.java,0,6,0,5,1,6,373,4,34,5,29,0.2,0.0,0.16666666666666666,0.13333333333333333,0.2,0.0,0.2,0.03333333333333333,1.1333333333333333,0.2,12.433333333333334,29.433333333333334,55.0,10.933333333333334,20.0,0.0,0.0,0
6,1-MyExpenses,contribFeatureCalled,ds_6_snip_1$MyExpenses_contribFeatureCalled.java,2,3,0,0,14,24,454,4,68,12,28,0.12121212121212122,0.0,0.0,0.12121212121212122,0.09090909090909091,0.06060606060606061,0.12121212121212122,0.42424242424242425,2.0606060606060606,0.7272727272727273,13.757575757575758,45.93939393939394,277.0,11.636363636363637,16.0,0.0,0.09090909090909091,1
6,3-OpenCMSCore,execute,ds_6_snip_3$OpenCMSCore_execute.java,1,6,2,0,3,24,669,4,74,9,48,0.1276595744680851,0.0425531914893617,0.0,0.0851063829787234,0.23404255319148937,0.0,0.1276595744680851,0.06382978723404255,1.574468085106383,0.5106382978723404,14.23404255319149,34.02127659574468,85.0,12.680851063829786,20.0,0.0,0.0851063829787234,1
6,2-Antlr4Master,process,ds_6_snip_2$Antlr4Master_process.java,0,5,1,9,8,38,530,3,88,12,54,0.09433962264150944,0.018867924528301886,0.16981132075471697,0.05660377358490566,0.07547169811320754,0.07547169811320754,0.09433962264150944,0.1509433962264151,1.6603773584905661,0.7169811320754716,10.0,41.15094339622642,97.0,7.471698113207547,16.0,0.0,0.03773584905660377,1
6,4-HibernateORM,extractSequenceValue,ds_6_snip_4$HibernateORM_extractSequenceValue.java,1,1,0,1,0,14,321,0,42,1,23,0.038461538461538464,0.0,0.038461538461538464,0.0,0.07692307692307693,0.0,0.038461538461538464,0.0,1.5,0.5,11.464285714285714,37.607142857142854,134.0,9.714285714285714,16.0,0.07142857142857142,0.038461538461538464,1
6,4-Phoenix,process,ds_6_snip_4$Phoenix_process.java,0,5,1,5,7,41,653,5,88,11,61,0.0847457627118644,0.01694915254237288,0.0847457627118644,0.0847457627118644,0.06779661016949153,0.01694915254237288,0.0847457627118644,0.11864406779661017,1.4915254237288136,0.6949152542372882,11.067796610169491,35.33898305084746,133.0,9.423728813559322,20.0,0.0,0.03389830508474576,1
6,3-Phoenix,configure,ds_6_snip_3$Phoenix_configure.java,1,4,2,7,10,46,299,0,82,9,41,0.0975609756097561,0.04878048780487805,0.17073170731707318,0.0,0.07317073170731707,0.0,0.0975609756097561,0.24390243902439024,2.0,1.1219512195121952,7.2926829268292686,45.048780487804876,108.0,5.560975609756097,12.0,0.0,0.0,0
6,1-CarReport,save,ds_6_snip_1$CarReport_save.java,0,2,0,0,1,21,243,1,64,3,24,0.07142857142857142,0.0,0.0,0.03571428571428571,0.14285714285714285,0.0,0.07142857142857142,0.03333333333333333,2.1333333333333333,0.7,8.1,35.733333333333334,84.0,6.666666666666667,12.0,0.06666666666666667,0.0,0
6,3-Antlr4Master,hasSLLConflictTerminatingPrediction,ds_6_snip_3$Antlr4Master_hasSLLConflictTerminatingPrediction.java,2,3,1,2,2,4,172,1,24,1,17,0.16666666666666666,0.05555555555555555,0.1111111111111111,0.05555555555555555,0.5555555555555556,0.0,0.16666666666666666,0.1111111111111111,1.3333333333333333,0.2222222222222222,9.555555555555555,37.0,102.0,7.333333333333333,16.0,0.0,0.0,0
6,5-Pom,loadClass,ds_6_snip_5$Pom_loadClass.java,2,4,0,4,5,4,305,1,36,11,31,0.13333333333333333,0.0,0.13333333333333333,0.03333333333333333,0.2,0.3333333333333333,0.13333333333333333,0.16666666666666666,1.2,0.13333333333333333,10.166666666666666,32.03333333333333,105.0,7.866666666666666,16.0,0.0,0.0,0
6,1-K9,testFetchResponse,ds_6_snip_1$K9_testFetchResponse.java,0,0,0,0,20,50,129,0,144,71,23,0.0,0.0,0.0,0.0,0.125,0.20833333333333334,0.0,0.8333333333333334,6.0,2.0833333333333335,5.375,56.25,77.0,3.6666666666666665,4.0,0.0,2.125,4
6,3-MyExpenses,mergeUpdate,ds_6_snip_3$MyExpenses_mergeUpdate.java,2,14,0,0,1,46,300,12,126,14,45,0.30434782608695654,0.0,0.0,0.2608695652173913,0.043478260869565216,0.0,0.30434782608695654,0.021739130434782608,2.739130434782609,1.0,6.521739130434782,33.34782608695652,92.0,5.043478260869565,8.0,0.0,0.0,0
6,3-Pom,get,ds_6_snip_3$Pom_get.java,0,1,1,2,7,24,620,1,50,7,31,0.022222222222222223,0.022222222222222223,0.044444444444444446,0.022222222222222223,0.1111111111111111,0.044444444444444446,0.022222222222222223,0.12727272727272726,0.9090909090909091,0.43636363636363634,11.272727272727273,28.21818181818182,85.0,9.6,20.0,0.18181818181818182,0.044444444444444446,1
6,1-GeneratorPropertyIteratorPanel,actionPerformed,ds_6_snip_1$GeneratorPropertyIteratorPanel_actionPerformed.java,1,5,1,0,2,19,341,6,62,13,29,0.16666666666666666,0.03333333333333333,0.0,0.2,0.13333333333333333,0.0,0.16666666666666666,0.06666666666666667,2.066666666666667,0.6333333333333333,11.366666666666667,36.333333333333336,90.0,9.866666666666667,16.0,0.0,0.1,1
6,3-SpringBatch,testOperationWithDirectCloseCall,ds_6_snip_3$SpringBatch_testOperationWithDirectCloseCall.java,0,0,0,2,8,19,132,0,56,7,24,0.0,0.0,0.08,0.0,0.24,0.0,0.0,0.32,2.24,0.76,5.28,35.8,93.0,3.68,4.0,0.0,0.0,0
6,1-CheckEstimator,printAttributeSummary,ds_6_snip_1$CheckEstimator_printAttributeSummary.java,2,0,0,11,1,10,411,0,8,12,26,0.05128205128205128,0.0,0.28205128205128205,0.0,0.05128205128205128,0.2564102564102564,0.05128205128205128,0.02564102564102564,0.20512820512820512,0.2564102564102564,10.538461538461538,23.846153846153847,67.0,8.923076923076923,12.0,0.0,0.0,0
6,5-MyExpenses,updateOrClearHeader,ds_6_snip_5$MyExpenses_updateOrClearHeader.java,1,4,0,0,0,9,188,9,36,10,21,0.18181818181818182,0.0,0.0,0.4090909090909091,0.22727272727272727,0.09090909090909091,0.18181818181818182,0.0,1.6363636363636365,0.4090909090909091,8.545454545454545,45.90909090909091,154.0,5.090909090909091,12.0,0.0,0.4090909090909091,2
6,5-HibernateORM,collectionInfoString,ds_6_snip_5$HibernateORM_collectionInfoString.java,4,2,0,2,4,19,207,4,46,11,21,0.09090909090909091,0.0,0.09090909090909091,0.18181818181818182,0.22727272727272727,0.0,0.09090909090909091,0.18181818181818182,2.090909090909091,0.8636363636363636,9.409090909090908,47.36363636363637,177.0,6.7272727272727275,12.0,0.0,0.0,0
6,5-SpringBatch,initWriterForSimpleCallbackTests,ds_6_snip_5$SpringBatch_initWriterForSimpleCallbackTests.java,0,0,0,1,4,10,283,0,40,7,22,0.0,0.0,0.037037037037037035,0.0,0.07407407407407407,0.0,0.0,0.13793103448275862,1.3793103448275863,0.3448275862068966,9.758620689655173,33.89655172413793,69.0,8.137931034482758,16.0,0.06896551724137931,0.0,0
6,4-MyExpenses,processChar,ds_6_snip_4$MyExpenses_processChar.java,3,8,2,6,7,22,764,12,66,11,42,0.18604651162790697,0.046511627906976744,0.13953488372093023,0.27906976744186046,0.046511627906976744,0.0,0.18604651162790697,0.16279069767441862,1.5348837209302326,0.5116279069767442,17.767441860465116,37.58139534883721,102.0,15.255813953488373,28.0,0.0,0.13953488372093023,1
6,2-Phoenix,evaluate,ds_6_snip_2$Phoenix_evaluate.java,2,4,0,0,7,17,150,2,48,8,22,0.17391304347826086,0.0,0.0,0.08695652173913043,0.30434782608695654,0.043478260869565216,0.17391304347826086,0.30434782608695654,2.0869565217391304,0.7391304347826086,6.521739130434782,38.391304347826086,115.0,4.3478260869565215,8.0,0.0,0.13043478260869565,1
6,5-Phoenix,parseOptions,ds_6_snip_5$Phoenix_parseOptions.java,1,4,0,1,3,13,159,0,52,8,23,0.17391304347826086,0.0,0.043478260869565216,0.0,0.13043478260869565,0.2608695652173913,0.17391304347826086,0.13043478260869565,2.260869565217391,0.5652173913043478,6.913043478260869,35.30434782608695,79.0,4.695652173913044,8.0,0.0,0.043478260869565216,1
6,4-OpenCMSCore,generateContent,ds_6_snip_4$OpenCMSCore_generateContent.java,4,0,0,2,15,5,85,0,16,7,9,0.0,0.0,0.2,0.0,0.5,0.5,0.0,1.5,1.6,0.5,8.5,69.6,167.0,3.2,4.0,0.0,0.2,1
6,5-OpenCMSCore,buttonHtml,ds_6_snip_5$OpenCMSCore_buttonHtml.java,1,2,0,0,7,11,87,0,48,9,9,0.2,0.0,0.0,0.0,0.3,1.1,0.2,0.7,4.8,1.1,8.7,59.4,249.0,4.4,8.0,0.0,0.0,0
6,4-Antlr4Master,removeFast,ds_6_snip_4$Antlr4Master_removeFast.java,1,4,1,1,5,5,208,4,18,13,22,0.17391304347826086,0.043478260869565216,0.043478260869565216,0.17391304347826086,0.2608695652173913,0.17391304347826086,0.17391304347826086,0.21739130434782608,0.782608695652174,0.21739130434782608,9.043478260869565,23.91304347826087,78.0,6.608695652173913,12.0,0.0,0.17391304347826086,2
6,5-Antlr4Master,testToStringStartStop2,ds_6_snip_5$Antlr4Master_testToStringStartStop2.java,0,0,0,14,17,21,225,0,68,34,35,0.0,0.0,0.3888888888888889,0.0,0.19444444444444445,0.19444444444444445,0.0,0.4722222222222222,1.8888888888888888,0.5833333333333334,6.25,36.19444444444444,87.0,3.7777777777777777,4.0,0.0,0.4166666666666667,2
6,1-Phoenix,doDropSchema,ds_6_snip_1$Phoenix_doDropSchema.java,5,5,0,1,26,27,399,3,72,10,31,0.15625,0.0,0.03125,0.09375,0.09375,0.0,0.15625,0.8125,2.25,0.84375,12.46875,57.5625,187.0,9.625,20.0,0.0,0.09375,2
6,2-OpenCMSCore,seekFile,ds_6_snip_2$OpenCMSCore_seekFile.java,2,0,0,0,1,9,239,0,22,1,16,0.047619047619047616,0.0,0.0,0.0,0.2857142857142857,0.09523809523809523,0.047619047619047616,0.047619047619047616,1.0476190476190477,0.42857142857142855,11.380952380952381,29.142857142857142,60.0,10.095238095238095,16.0,0.0,0.0,0
6,3-CarReport,handleFABClick,ds_6_snip_3$CarReport_handleFABClick.java,2,1,1,2,11,18,239,1,60,3,19,0.045454545454545456,0.045454545454545456,0.09090909090909091,0.045454545454545456,0.13636363636363635,0.13636363636363635,0.045454545454545456,0.4782608695652174,2.608695652173913,0.782608695652174,10.391304347826088,48.56521739130435,141.0,7.304347826086956,16.0,0.043478260869565216,0.045454545454545456,1
6,4-Pom,limit,ds_6_snip_4$Pom_limit.java,2,3,0,5,2,3,449,2,30,7,24,0.09090909090909091,0.0,0.15151515151515152,0.06060606060606061,0.09090909090909091,0.0,0.09090909090909091,0.05,0.75,0.075,11.225,23.2,114.0,9.5,24.0,0.175,0.030303030303030304,1
6,2-HibernateORM,TimesTenDialect,ds_6_snip_2$HibernateORM_TimesTenDialect.java,0,0,0,0,0,0,0,0,0,39,30,0.0,0.0,0.0,0.0,0.16129032258064516,0.0,0.0,0.0,0.0,0.0,0.0,0.0,0.0,0.0,0.0,0.03125,0.0,0
6,5-K9,testTextQuoteToHtmlBlockquote,ds_6_snip_5$K9_testTextQuoteToHtmlBlockquote.java,0,0,0,0,1,1,86,0,8,32,5,0.0,0.0,0.0,0.0,0.5,5.0,0.0,0.16666666666666666,1.3333333333333333,0.16666666666666666,14.333333333333334,54.5,129.0,2.6666666666666665,4.0,0.0,0.0,0
1,9,main9,ds_1_snip_9_main9.java,1,1,1,1,0,2,88,2,8,5,10,0.09090909090909091,0.09090909090909091,0.09090909090909091,0.18181818181818182,0.2727272727272727,0.09090909090909091,0.09090909090909091,0.0,0.7272727272727273,0.18181818181818182,8.0,22.363636363636363,41.0,5.454545454545454,12.0,0.0,0.2727272727272727,1
1,3,main3,ds_1_snip_3_main3.java,2,2,0,6,1,2,151,3,10,2,15,0.125,0.0,0.375,0.1875,0.3125,0.0625,0.125,0.0625,0.625,0.125,9.4375,23.625,52.0,7.25,12.0,0.0,0.125,1
1,7,main7,ds_1_snip_7_main7.java,1,1,1,1,3,3,54,2,8,6,7,0.14285714285714285,0.14285714285714285,0.14285714285714285,0.2857142857142857,0.2857142857142857,0.0,0.14285714285714285,0.42857142857142855,1.1428571428571428,0.42857142857142855,7.714285714285714,32.142857142857146,65.0,3.4285714285714284,8.0,0.0,0.8571428571428571,4
1,4,main4,ds_1_snip_4_main4.java,1,1,3,2,2,4,160,4,12,9,13,0.07692307692307693,0.23076923076923078,0.15384615384615385,0.3076923076923077,0.15384615384615385,0.23076923076923078,0.07692307692307693,0.15384615384615385,0.9230769230769231,0.3076923076923077,12.307692307692308,41.23076923076923,100.0,8.0,16.0,0.0,0.6923076923076923,3
1,22,main22,ds_1_snip_22_main22.java,1,1,0,2,5,7,77,1,10,13,8,0.1,0.0,0.2,0.1,0.4,0.7,0.1,0.5,1.0,0.7,7.7,29.1,73.0,4.0,8.0,0.0,1.2,6
1,13,main13,ds_1_snip_13_main13.java,1,0,0,3,0,2,46,0,4,2,8,0.0,0.0,0.3333333333333333,0.0,0.2222222222222222,0.0,0.0,0.0,0.4444444444444444,0.2222222222222222,5.111111111111111,18.77777777777778,42.0,3.111111111111111,4.0,0.0,0.2222222222222222,1
1,20,main20,ds_1_snip_20_main20.java,1,1,1,3,0,2,100,2,8,8,10,0.08333333333333333,0.08333333333333333,0.25,0.16666666666666666,0.16666666666666666,0.3333333333333333,0.08333333333333333,0.0,0.6666666666666666,0.16666666666666666,8.333333333333334,21.25,42.0,5.666666666666667,12.0,0.0,0.4166666666666667,2
1,11,main11,ds_1_snip_11_main11.java,1,0,1,1,0,2,59,1,6,3,8,0.0,0.1111111111111111,0.1111111111111111,0.1111111111111111,0.3333333333333333,0.1111111111111111,0.0,0.0,0.6666666666666666,0.2222222222222222,6.555555555555555,22.444444444444443,42.0,3.5555555555555554,8.0,0.0,0.3333333333333333,1
1,17,main17,ds_1_snip_17_main17.java,1,2,0,0,0,10,102,2,18,9,12,0.13333333333333333,0.0,0.0,0.13333333333333333,0.13333333333333333,0.26666666666666666,0.13333333333333333,0.0,1.2,0.6666666666666666,6.8,25.866666666666667,42.0,4.533333333333333,8.0,0.0,0.13333333333333333,1
1,15,main15,ds_1_snip_15_main15.java,1,0,5,1,10,4,220,5,14,22,18,0.0,0.2631578947368421,0.05263157894736842,0.2631578947368421,0.15789473684210525,0.21052631578947367,0.0,0.5263157894736842,0.7368421052631579,0.21052631578947367,11.578947368421053,29.94736842105263,59.0,6.315789473684211,16.0,0.0,1.105263157894737,6
1,19,main19,ds_1_snip_19_main19.java,1,1,1,0,1,11,83,2,26,7,10,0.08333333333333333,0.08333333333333333,0.0,0.16666666666666666,0.3333333333333333,0.0,0.08333333333333333,0.08333333333333333,2.1666666666666665,0.9166666666666666,6.916666666666667,32.25,95.0,4.333333333333333,12.0,0.0,0.3333333333333333,1
1,8,main8,ds_1_snip_8_main8.java,1,0,1,2,0,2,61,1,6,5,8,0.0,0.1111111111111111,0.2222222222222222,0.1111111111111111,0.3333333333333333,0.3333333333333333,0.0,0.0,0.6666666666666666,0.2222222222222222,6.777777777777778,23.333333333333332,41.0,4.0,8.0,0.0,0.5555555555555556,1
1,1,main1,ds_1_snip_1_main1.java,1,0,1,1,0,2,55,1,6,3,8,0.0,0.1111111111111111,0.1111111111111111,0.1111111111111111,0.3333333333333333,0.1111111111111111,0.0,0.0,0.6666666666666666,0.2222222222222222,6.111111111111111,18.88888888888889,41.0,4.0,8.0,0.0,0.3333333333333333,1
1,5,main5,ds_1_snip_5_main5.java,1,2,1,2,6,3,166,3,12,13,15,0.11764705882352941,0.058823529411764705,0.11764705882352941,0.17647058823529413,0.11764705882352941,0.29411764705882354,0.11764705882352941,0.35294117647058826,0.7058823529411765,0.17647058823529413,9.764705882352942,24.470588235294116,44.0,6.588235294117647,12.0,0.0,0.7647058823529411,7
1,6,main6,ds_1_snip_6_main6.java,1,0,1,1,0,2,40,1,6,3,6,0.0,0.16666666666666666,0.16666666666666666,0.16666666666666666,0.5,0.16666666666666666,0.0,0.0,1.0,0.3333333333333333,6.666666666666667,26.5,53.0,2.6666666666666665,4.0,0.0,0.5,1
1,2,main2,ds_1_snip_2_main2.java,1,2,1,2,0,8,115,3,22,4,14,0.125,0.0625,0.125,0.1875,0.1875,0.0,0.125,0.0,1.375,0.5,7.1875,25.25,53.0,5.0,12.0,0.0,0.125,1
1,23,main23,ds_1_snip_23_main23.java,1,0,2,1,4,4,50,2,8,9,6,0.0,0.4,0.2,0.4,0.6,0.4,0.0,0.8,1.6,0.8,10.0,44.8,77.0,2.4,4.0,0.0,1.8,5
1,12,main12,ds_1_snip_12_main12.java,1,1,1,1,2,6,94,2,16,6,10,0.07692307692307693,0.07692307692307693,0.07692307692307693,0.15384615384615385,0.46153846153846156,0.15384615384615385,0.07692307692307693,0.15384615384615385,1.2307692307692308,0.46153846153846156,7.230769230769231,23.384615384615383,77.0,4.615384615384615,12.0,0.0,0.23076923076923078,2
1,21,main21,ds_1_snip_21_main21.java,1,0,2,2,4,6,105,2,8,12,10,0.0,0.18181818181818182,0.18181818181818182,0.18181818181818182,0.36363636363636365,0.6363636363636364,0.0,0.36363636363636365,0.7272727272727273,0.5454545454545454,9.545454545454545,31.363636363636363,53.0,4.7272727272727275,8.0,0.0,1.0909090909090908,5
1,10,main10,ds_1_snip_10_main10.java,1,3,0,0,0,6,85,6,14,3,10,0.2727272727272727,0.0,0.0,0.5454545454545454,0.18181818181818182,0.0,0.2727272727272727,0.0,1.2727272727272727,0.5454545454545454,7.7272727272727275,28.09090909090909,42.0,4.363636363636363,8.0,0.0,0.2727272727272727,1
1,16,main16,ds_1_snip_16_main16.java,1,0,0,0,0,2,34,0,6,3,5,0.0,0.0,0.0,0.0,0.3333333333333333,0.3333333333333333,0.0,0.0,1.0,0.3333333333333333,5.666666666666667,21.833333333333332,42.0,2.6666666666666665,4.0,0.0,0.5,1
1,14,main14,ds_1_snip_14_main14.java,1,0,1,1,0,4,41,1,12,3,6,0.0,0.16666666666666666,0.16666666666666666,0.16666666666666666,0.5,0.16666666666666666,0.0,0.0,2.0,0.6666666666666666,6.833333333333333,33.333333333333336,74.0,2.6666666666666665,4.0,0.0,0.3333333333333333,2
1,18,main18,ds_1_snip_18_main18.java,1,3,1,5,1,4,186,4,16,7,21,0.125,0.041666666666666664,0.20833333333333334,0.16666666666666666,0.2916666666666667,0.125,0.125,0.041666666666666664,0.6666666666666666,0.16666666666666666,7.75,20.25,42.0,5.5,12.0,0.0,0.25,1
f,RecursiveBinaryToDecimal,compute,ds_f_snip_RecursiveBinaryToDecimal_compute.java,2,2,0,0,3,1,65,2,12,8,8,0.2222222222222222,0.0,0.0,0.2222222222222222,0.1111111111111111,0.5555555555555556,0.2222222222222222,0.3333333333333333,1.3333333333333333,0.1111111111111111,7.222222222222222,23.22222222222222,42.0,4.0,8.0,0.0,0.7777777777777778,3
f,DumbSort,compute,ds_f_snip_DumbSort_compute.java,4,5,0,10,6,1,234,5,14,0,27,0.17857142857142858,0.0,0.35714285714285715,0.17857142857142858,0.03571428571428571,0.0,0.17857142857142858,0.21428571428571427,0.5,0.03571428571428571,8.357142857142858,16.714285714285715,65.0,5.857142857142857,8.0,0.0,0.0,0
f,CountVowels,compute,ds_f_snip_CountVowels_compute.java,1,1,2,0,4,3,116,3,12,8,11,0.08333333333333333,0.16666666666666666,0.0,0.25,0.08333333333333333,0.0,0.08333333333333333,0.3333333333333333,1.0,0.25,9.666666666666666,26.75,50.0,6.333333333333333,16.0,0.0,0.25,1
f,lengthOfLastWord,compute,ds_f_snip_lengthOfLastWord_compute.java,1,2,1,1,0,2,151,5,16,9,14,0.13333333333333333,0.06666666666666667,0.06666666666666667,0.3333333333333333,0.06666666666666667,0.06666666666666667,0.13333333333333333,0.0,1.0666666666666667,0.13333333333333333,10.066666666666666,24.4,63.0,6.933333333333334,16.0,0.0,0.2,2
f,RecursiveCrossSum,compute,ds_f_snip_RecursiveCrossSum_compute.java,1,1,0,0,0,0,38,1,10,4,5,0.16666666666666666,0.0,0.0,0.16666666666666666,0.16666666666666666,0.5,0.16666666666666666,0.0,1.6666666666666667,0.0,6.333333333333333,23.0,54.0,3.3333333333333335,8.0,0.0,0.6666666666666666,2
f,YesNo,compute,ds_f_snip_YesNo_compute.java,1,4,0,1,0,5,87,0,20,9,15,0.2857142857142857,0.0,0.07142857142857142,0.0,0.07142857142857142,0.0,0.2857142857142857,0.0,1.4285714285714286,0.35714285714285715,6.214285714285714,23.5,41.0,4.571428571428571,8.0,0.0,0.0,0
f,SquareRoot,compute,ds_f_snip_SquareRoot_compute.java,1,2,1,3,0,5,141,3,14,5,14,0.13333333333333333,0.06666666666666667,0.2,0.2,0.06666666666666667,0.06666666666666667,0.13333333333333333,0.0,0.9333333333333333,0.3333333333333333,9.4,27.866666666666667,51.0,6.933333333333334,12.0,0.0,0.3333333333333333,1
f,isHurricane,compute,ds_f_snip_isHurricane_compute.java,1,5,0,6,0,0,118,5,12,11,14,0.3125,0.0,0.375,0.3125,0.0625,0.0,0.3125,0.0,0.75,0.0,7.375,20.25,41.0,5.0,8.0,0.0,0.3125,1
f,hIndex,compute,ds_f_snip_hIndex_compute.java,1,1,1,1,0,2,116,2,8,3,13,0.07142857142857142,0.07142857142857142,0.07142857142857142,0.14285714285714285,0.07142857142857142,0.14285714285714285,0.07142857142857142,0.0,0.5714285714285714,0.14285714285714285,8.285714285714286,23.071428571428573,42.0,5.714285714285714,12.0,0.0,0.21428571428571427,2
f,ContainsSubstring,compute,ds_f_snip_ContainsSubstring_compute.java,2,3,2,1,1,6,234,5,24,5,17,0.16666666666666666,0.1111111111111111,0.05555555555555555,0.2777777777777778,0.05555555555555555,0.16666666666666666,0.16666666666666666,0.05555555555555555,1.3333333333333333,0.3333333333333333,13.0,28.444444444444443,59.0,10.222222222222221,20.0,0.0,0.16666666666666666,1
f,RecursivePower,compute,ds_f_snip_RecursivePower_compute.java,2,2,0,0,2,0,60,2,10,5,8,0.2222222222222222,0.0,0.0,0.2222222222222222,0.1111111111111111,0.3333333333333333,0.2222222222222222,0.2222222222222222,1.1111111111111112,0.0,6.666666666666667,16.88888888888889,39.0,4.0,8.0,0.0,0.5555555555555556,2
f,RecursiveFibonacciVariant,compute,ds_f_snip_RecursiveFibonacciVariant_compute.java,1,1,0,0,0,0,37,1,8,4,5,0.16666666666666666,0.0,0.0,0.16666666666666666,0.16666666666666666,0.5,0.16666666666666666,0.0,1.3333333333333333,0.0,6.166666666666667,22.833333333333332,53.0,3.3333333333333335,8.0,0.0,0.6666666666666666,2
f,GreatestCommonDivisor,compute,ds_f_snip_GreatestCommonDivisor_compute.java,2,2,1,6,1,0,153,3,8,2,15,0.125,0.0625,0.375,0.1875,0.0625,0.0625,0.125,0.0625,0.5,0.0,9.5625,23.25,53.0,7.25,12.0,0.0,0.125,1
f,isPalindrome,compute,ds_f_snip_isPalindrome_compute.java,1,1,1,1,2,4,88,2,14,5,9,0.1,0.1,0.1,0.2,0.1,0.2,0.1,0.2,1.4,0.4,8.8,27.2,77.0,5.6,12.0,0.0,0.3,3
f,ArrayAverage,compute,ds_f_snip_ArrayAverage_compute.java,1,0,1,2,0,1,70,1,6,3,9,0.0,0.1,0.2,0.1,0.1,0.3,0.0,0.0,0.6,0.1,7.0,26.6,45.0,4.0,8.0,0.0,0.3,1
f,RecursiveFactorial,compute,ds_f_snip_RecursiveFactorial_compute.java,1,1,0,0,0,0,35,1,6,3,5,0.16666666666666666,0.0,0.0,0.16666666666666666,0.16666666666666666,0.3333333333333333,0.16666666666666666,0.0,1.0,0.0,5.833333333333333,20.0,38.0,3.3333333333333335,8.0,0.0,0.5,1
9_bc,9,shortenText512,ds_9$bc_snip_9_shortenText512.java,2,1,1,0,3,10,190,3,22,7,20,0.047619047619047616,0.047619047619047616,0.0,0.14285714285714285,0.47619047619047616,0.2857142857142857,0.047619047619047616,0.14285714285714285,1.0476190476190477,0.47619047619047616,9.047619047619047,31.61904761904762,72.0,5.904761904761905,12.0,0.0,0.2857142857142857,2
9_bc,10,shortenText522,ds_9$bc_snip_10_shortenText522.java,2,1,1,1,3,10,214,3,22,7,23,0.041666666666666664,0.041666666666666664,0.041666666666666664,0.125,0.4166666666666667,0.25,0.041666666666666664,0.125,0.9166666666666666,0.4166666666666667,8.916666666666666,30.916666666666668,72.0,5.833333333333333,12.0,0.0,0.25,2
9_bc,1,logAndEmailSeriousProblemS112,ds_9$bc_snip_1_logAndEmailSeriousProblemS112.java,2,0,0,0,3,11,36,0,22,2,7,0.0,0.0,0.0,0.0,1.25,0.0,0.0,0.375,2.75,1.375,4.5,49.875,102.0,3.0,4.0,0.0,0.0,0
9_bc,6,writeUTable,ds_9$bc_snip_6_writeUTable.java,1,4,1,5,2,21,386,2,64,9,31,0.125,0.03125,0.15625,0.0625,0.375,0.0,0.125,0.0625,2.0,0.65625,12.0625,36.78125,87.0,9.75,20.0,0.0,0.09375,2
9_bc,8,getMove422,ds_9$bc_snip_8_getMove422.java,2,0,3,1,2,23,175,0,56,11,26,0.0,0.1111111111111111,0.037037037037037035,0.0,0.3333333333333333,0.0,0.0,0.07407407407407407,2.074074074074074,0.8518518518518519,6.481481481481482,31.666666666666668,68.0,5.037037037037037,8.0,0.0,0.0,0
9_bc,4,apply222,ds_9$bc_snip_4_apply222.java,2,5,0,2,2,16,358,3,44,3,26,0.18518518518518517,0.0,0.07407407407407407,0.1111111111111111,0.48148148148148145,0.0,0.18518518518518517,0.07407407407407407,1.6296296296296295,0.5925925925925926,13.25925925925926,45.407407407407405,89.0,11.25925925925926,20.0,0.0,0.0,0
9_bc,3,apply212,ds_9$bc_snip_3_apply212.java,2,5,0,0,2,17,313,3,46,3,23,0.20833333333333334,0.0,0.0,0.125,0.5416666666666666,0.0,0.20833333333333334,0.08333333333333333,1.9166666666666667,0.7083333333333334,13.041666666666666,46.291666666666664,89.0,11.0,20.0,0.0,0.0,0
9_bc,2,logAndEmailSeriousProblemS122,ds_9$bc_snip_2_logAndEmailSeriousProblemS122.java,2,0,0,0,3,12,54,0,24,2,10,0.0,0.0,0.0,0.0,1.0,0.0,0.0,0.2727272727272727,2.1818181818181817,1.0909090909090908,4.909090909090909,45.36363636363637,86.0,3.272727272727273,4.0,0.0,0.0,0
9_bc,7,getMove412,ds_9$bc_snip_7_getMove412.java,2,0,3,1,2,23,128,0,56,11,18,0.0,0.15789473684210525,0.05263157894736842,0.0,0.47368421052631576,0.0,0.0,0.10526315789473684,2.9473684210526314,1.2105263157894737,6.7368421052631575,37.68421052631579,93.0,4.842105263157895,8.0,0.0,0.0,0
9_bc,5,copyUTable312,ds_9$bc_snip_5_copyUTable312.java,1,4,1,3,2,33,303,2,88,9,24,0.16,0.04,0.12,0.08,0.48,0.0,0.16,0.08,3.52,1.32,12.12,45.28,183.0,9.92,20.0,0.0,0.12,2
2,8,main14,ds_2_snip_8_main14.java,1,0,1,1,0,4,41,1,12,3,6,0.0,0.16666666666666666,0.16666666666666666,0.16666666666666666,0.5,0.16666666666666666,0.0,0.0,2.0,0.6666666666666666,6.833333333333333,33.333333333333336,74.0,2.6666666666666665,4.0,0.0,0.3333333333333333,2
2,5,main10,ds_2_snip_5_main10.java,1,3,0,0,0,6,85,6,14,3,10,0.2727272727272727,0.0,0.0,0.5454545454545454,0.18181818181818182,0.0,0.2727272727272727,0.0,1.2727272727272727,0.5454545454545454,7.7272727272727275,28.09090909090909,42.0,4.363636363636363,8.0,0.0,0.2727272727272727,1
2,11,main21,ds_2_snip_11_main21.java,1,0,2,2,4,6,105,2,8,12,10,0.0,0.18181818181818182,0.18181818181818182,0.18181818181818182,0.36363636363636365,0.6363636363636364,0.0,0.36363636363636365,0.7272727272727273,0.5454545454545454,9.545454545454545,31.363636363636363,53.0,4.7272727272727275,8.0,0.0,1.0909090909090908,5
2,7,main13,ds_2_snip_7_main13.java,1,0,0,3,0,2,46,0,4,2,8,0.0,0.0,0.3333333333333333,0.0,0.2222222222222222,0.0,0.0,0.0,0.4444444444444444,0.2222222222222222,5.111111111111111,18.77777777777778,42.0,3.111111111111111,4.0,0.0,0.2222222222222222,1
2,6,main11,ds_2_snip_6_main11.java,1,0,1,1,0,2,59,1,6,3,8,0.0,0.1111111111111111,0.1111111111111111,0.1111111111111111,0.3333333333333333,0.1111111111111111,0.0,0.0,0.6666666666666666,0.2222222222222222,6.555555555555555,22.444444444444443,42.0,3.5555555555555554,8.0,0.0,0.3333333333333333,1
2,4,main8,ds_2_snip_4_main8.java,1,0,1,2,0,2,61,1,6,5,8,0.0,0.1111111111111111,0.2222222222222222,0.1111111111111111,0.3333333333333333,0.3333333333333333,0.0,0.0,0.6666666666666666,0.2222222222222222,6.777777777777778,23.333333333333332,41.0,4.0,8.0,0.0,0.5555555555555556,1
2,9,main17,ds_2_snip_9_main17.java,1,2,0,0,0,10,102,2,18,9,12,0.13333333333333333,0.0,0.0,0.13333333333333333,0.13333333333333333,0.26666666666666666,0.13333333333333333,0.0,1.2,0.6666666666666666,6.8,25.866666666666667,42.0,4.533333333333333,8.0,0.0,0.13333333333333333,1
2,12,main22,ds_2_snip_12_main22.java,1,1,0,2,5,7,77,1,10,13,8,0.1,0.0,0.2,0.1,0.4,0.7,0.1,0.5,1.0,0.7,7.7,29.1,73.0,4.0,8.0,0.0,1.2,6
2,10,main20,ds_2_snip_10_main20.java,1,1,1,3,0,2,100,2,8,8,10,0.08333333333333333,0.08333333333333333,0.25,0.16666666666666666,0.16666666666666666,0.3333333333333333,0.08333333333333333,0.0,0.6666666666666666,0.16666666666666666,8.333333333333334,21.25,42.0,5.666666666666667,12.0,0.0,0.4166666666666667,2
2,1,main1,ds_2_snip_1_main1.java,1,0,1,1,0,2,55,1,6,3,8,0.0,0.1111111111111111,0.1111111111111111,0.1111111111111111,0.3333333333333333,0.1111111111111111,0.0,0.0,0.6666666666666666,0.2222222222222222,6.111111111111111,18.88888888888889,41.0,4.0,8.0,0.0,0.3333333333333333,1
2,2,main2,ds_2_snip_2_main2.java,1,2,1,2,0,8,115,3,22,4,14,0.125,0.0625,0.125,0.1875,0.1875,0.0,0.125,0.0,1.375,0.5,7.1875,25.25,53.0,5.0,12.0,0.0,0.125,1
2,3,main7,ds_2_snip_3_main7.java,1,1,1,1,3,3,54,2,8,6,7,0.14285714285714285,0.14285714285714285,0.14285714285714285,0.2857142857142857,0.2857142857142857,0.0,0.14285714285714285,0.42857142857142855,1.1428571428571428,0.42857142857142855,7.714285714285714,32.142857142857146,65.0,3.4285714285714284,8.0,0.0,0.8571428571428571,4
3,83,s15,ds_3_snip_83_s15.java,0,0,0,1,5,9,32,0,26,3,4,0.0,0.0,0.2,0.0,0.8,0.4,0.0,1.0,5.2,1.8,6.4,62.4,145.0,2.4,4.0,0.0,0.6,2
3,58,displayTileCursor,ds_3_snip_58_displayTileCursor.java,3,3,0,0,2,7,99,4,20,3,10,0.2727272727272727,0.0,0.0,0.36363636363636365,0.5454545454545454,0.0,0.2727272727272727,0.18181818181818182,1.8181818181818181,0.6363636363636364,9.0,37.90909090909091,93.0,6.181818181818182,12.0,0.0,0.0,0
3,75,Date,ds_3_snip_75_Date.java,1,0,0,0,0,5,35,0,8,4,4,0.0,0.0,0.0,0.0,0.8,0.8,0.0,0.0,1.6,1.0,7.0,36.2,56.0,2.4,4.0,0.0,0.8,4
3,56,getMessage,ds_3_snip_56_getMessage.java,0,1,0,0,0,2,36,1,12,2,6,0.14285714285714285,0.0,0.0,0.14285714285714285,0.8571428571428571,0.0,0.14285714285714285,0.0,1.7142857142857142,0.2857142857142857,5.142857142857143,26.0,48.0,3.4285714285714284,8.0,0.0,0.0,0
3,31,s66,ds_3_snip_31_s66.java,0,0,0,0,5,6,27,0,14,4,4,0.0,0.0,0.0,0.0,0.6,0.0,0.0,1.0,2.8,1.2,5.4,50.8,114.0,2.4,4.0,0.0,0.4,1
3,86,runMain,ds_3_snip_86_runMain.java,1,0,0,0,0,6,32,0,12,1,5,0.0,0.0,0.0,0.0,1.0,0.16666666666666666,0.0,0.0,2.0,1.0,5.333333333333333,36.833333333333336,60.0,2.6666666666666665,4.0,0.0,0.0,0
3,79,s11,ds_3_snip_79_s11.java,0,1,0,1,0,0,37,1,6,3,5,0.16666666666666666,0.0,0.16666666666666666,0.16666666666666666,0.3333333333333333,0.3333333333333333,0.16666666666666666,0.0,1.0,0.0,6.166666666666667,28.333333333333332,58.0,3.3333333333333335,8.0,0.0,0.0,0
3,7,deliverGift,ds_3_snip_7_deliverGift.java,1,0,0,0,1,5,29,0,16,1,5,0.0,0.0,0.0,0.0,1.0,0.0,0.0,0.16666666666666666,2.6666666666666665,0.8333333333333334,4.833333333333333,47.166666666666664,88.0,2.6666666666666665,4.0,0.0,0.0,0
3,63,s95,ds_3_snip_63_s95.java,0,0,0,0,0,4,18,0,10,1,4,0.0,0.0,0.0,0.0,0.6,0.0,0.0,0.0,2.0,0.8,3.6,38.8,82.0,2.4,4.0,0.0,0.0,0
3,70,s2,ds_3_snip_70_s2.java,0,3,0,0,0,8,101,3,22,6,11,0.25,0.0,0.0,0.25,0.5,0.0,0.25,0.0,1.8333333333333333,0.6666666666666666,8.416666666666666,27.333333333333332,62.0,6.333333333333333,12.0,0.0,0.4166666666666667,1
3,24,isReadOnly,ds_3_snip_24_isReadOnly.java,0,0,0,1,0,2,24,0,10,0,4,0.0,0.0,0.2,0.0,0.6,0.0,0.0,0.0,2.0,0.4,4.8,37.4,65.0,2.4,4.0,0.0,0.0,0
3,62,s94,ds_3_snip_62_s94.java,0,1,0,1,0,2,43,1,8,1,6,0.14285714285714285,0.0,0.14285714285714285,0.14285714285714285,0.42857142857142855,0.0,0.14285714285714285,0.0,1.1428571428571428,0.2857142857142857,6.142857142857143,16.285714285714285,29.0,4.0,8.0,0.0,0.0,0
3,29,s64,ds_3_snip_29_s64.java,0,0,1,3,0,4,44,0,14,0,6,0.0,0.14285714285714285,0.42857142857142855,0.0,0.42857142857142855,0.0,0.0,0.0,2.0,0.5714285714285714,6.285714285714286,27.571428571428573,45.0,4.571428571428571,8.0,0.0,0.0,0
3,21,swap,ds_3_snip_21_swap.java,1,0,0,0,1,2,22,0,10,2,4,0.0,0.0,0.0,0.0,0.8,0.0,0.0,0.2,2.0,0.4,4.4,30.0,56.0,2.4,4.0,0.0,0.4,1
3,41,loadColorChip,ds_3_snip_41_loadColorChip.java,2,1,0,0,2,6,39,0,12,2,6,0.14285714285714285,0.0,0.0,0.0,0.5714285714285714,0.0,0.14285714285714285,0.2857142857142857,1.7142857142857142,0.8571428571428571,5.571428571428571,33.857142857142854,63.0,3.4285714285714284,8.0,0.0,0.2857142857142857,2
3,17,s52,ds_3_snip_17_s52.java,0,0,0,1,5,6,23,0,16,6,4,0.0,0.0,0.2,0.0,0.6,0.0,0.0,1.0,3.2,1.2,4.6,38.0,83.0,2.4,4.0,0.0,0.8,2
3,48,ComparisonFailure,ds_3_snip_48_ComparisonFailure.java,3,0,0,2,0,0,0,0,0,0,4,0.0,0.0,0.4,0.0,0.6,0.0,0.0,0.0,0.0,0.0,0.0,0.0,0.0,0.0,0.0,0.16666666666666666,0.0,0
3,91,printFailures,ds_3_snip_91_printFailures.java,1,2,0,0,0,6,54,2,22,6,6,0.25,0.0,0.0,0.25,0.375,0.5,0.25,0.0,2.75,0.75,6.75,34.125,64.0,4.5,8.0,0.0,0.25,1
3,98,setMapTransform,ds_3_snip_98_setMapTransform.java,1,1,0,1,0,6,38,1,16,1,6,0.14285714285714285,0.0,0.14285714285714285,0.14285714285714285,0.5714285714285714,0.0,0.14285714285714285,0.0,2.2857142857142856,0.8571428571428571,5.428571428571429,40.0,120.0,3.4285714285714284,8.0,0.0,0.0,0
3,60,getAvailableChannels,ds_3_snip_60_getAvailableChannels.java,0,0,0,1,0,1,49,0,6,2,8,0.0,0.0,0.1111111111111111,0.0,0.7777777777777778,0.0,0.0,0.0,0.6666666666666666,0.1111111111111111,5.444444444444445,28.0,67.0,3.5555555555555554,8.0,0.0,0.1111111111111111,1
3,34,s69,ds_3_snip_34_s69.java,0,0,0,0,3,8,24,0,8,0,4,0.0,0.0,0.0,0.0,0.6,0.0,0.0,0.6,1.6,1.6,4.8,40.2,85.0,2.4,4.0,0.0,0.0,0
3,65,getButtonAction,ds_3_snip_65_getButtonAction.java,0,0,0,0,5,5,67,0,18,5,7,0.0,0.0,0.0,0.0,0.5,0.0,0.0,0.45454545454545453,1.6363636363636365,0.45454545454545453,6.090909090909091,30.454545454545453,68.0,4.363636363636363,12.0,0.09090909090909091,0.1,1
3,26,s61,ds_3_snip_26_s61.java,0,3,0,2,0,5,52,0,16,4,8,0.2727272727272727,0.0,0.18181818181818182,0.0,0.5454545454545454,0.0,0.2727272727272727,0.0,1.4545454545454546,0.45454545454545453,4.7272727272727275,19.0,35.0,3.6363636363636362,8.0,0.0,0.0,0
3,74,s6,ds_3_snip_74_s6.java,0,2,0,2,0,0,56,0,10,4,8,0.2222222222222222,0.0,0.2222222222222222,0.0,0.5555555555555556,0.0,0.2222222222222222,0.0,1.1111111111111112,0.0,6.222222222222222,19.333333333333332,31.0,4.888888888888889,12.0,0.0,0.2222222222222222,1
3,57,getStateString,ds_3_snip_57_getStateString.java,0,0,0,0,0,0,68,0,8,2,6,0.1,0.0,0.0,0.0,0.6,0.0,0.1,0.0,0.8,0.0,6.8,20.4,30.0,5.6,12.0,0.0,0.0,0
3,64,actionPerformed2,ds_3_snip_64_actionPerformed2.java,1,0,0,0,0,2,27,0,8,0,4,0.0,0.0,0.0,0.0,1.0,0.0,0.0,0.0,1.6,0.4,5.4,33.6,46.0,2.4,4.0,0.0,0.0,0
3,77,getDatabaseURIs,ds_3_snip_77_getDatabaseURIs.java,0,0,1,0,0,4,46,0,16,0,7,0.0,0.125,0.0,0.0,0.875,0.0,0.0,0.0,2.0,0.5,5.75,26.0,52.0,3.5,8.0,0.0,0.0,0
3,53,addMessage,ds_3_snip_53_addMessage.java,1,1,0,0,3,4,36,1,18,3,6,0.14285714285714285,0.0,0.0,0.14285714285714285,0.8571428571428571,0.0,0.14285714285714285,0.42857142857142855,2.5714285714285716,0.5714285714285714,5.142857142857143,33.142857142857146,69.0,3.4285714285714284,8.0,0.0,0.42857142857142855,2
3,50,s82,ds_3_snip_50_s82.java,0,1,0,0,0,2,43,1,10,3,7,0.125,0.0,0.0,0.125,0.5,0.0,0.125,0.0,1.25,0.25,5.375,24.75,57.0,3.5,8.0,0.0,0.125,1
3,36,mousePressed,ds_3_snip_36_mousePressed.java,1,1,0,1,3,10,42,2,26,3,6,0.14285714285714285,0.0,0.14285714285714285,0.2857142857142857,0.5714285714285714,0.0,0.14285714285714285,0.42857142857142855,3.7142857142857144,1.4285714285714286,6.0,43.42857142857143,91.0,3.4285714285714284,8.0,0.0,0.0,0
3,92,getNormalisedTime,ds_3_snip_92_getNormalisedTime.java,1,0,0,0,1,0,41,0,10,0,6,0.0,0.0,0.0,0.0,0.5714285714285714,0.0,0.0,0.14285714285714285,1.4285714285714286,0.0,5.857142857142857,30.428571428571427,47.0,4.571428571428571,8.0,0.0,0.0,0
3,1,ComparisonCompactor,ds_3_snip_1_ComparisonCompactor.java,3,0,0,3,2,0,26,0,2,0,4,0.0,0.0,0.6,0.0,0.8,0.0,0.0,0.4,0.4,0.0,5.2,33.2,84.0,2.4,4.0,0.0,0.0,0
3,43,TestClassRunnerForParameters,ds_3_snip_43_TestClassRunnerForParameters.java,3,0,0,2,0,0,0,0,0,0,4,0.0,0.0,0.4,0.0,0.4,0.0,0.0,0.0,0.0,0.0,0.0,0.0,0.0,0.0,0.0,0.16666666666666666,0.0,0
3,28,getDescription,ds_3_snip_28_getDescription.java,0,0,1,0,0,2,31,0,12,1,6,0.0,0.16666666666666666,0.0,0.0,0.8333333333333334,0.0,0.0,0.0,2.0,0.3333333333333333,5.166666666666667,41.0,79.0,2.6666666666666665,4.0,0.0,0.0,0
3,76,TestMethodRunner,ds_3_snip_76_TestMethodRunner.java,4,0,0,2,6,3,30,0,8,0,4,0.0,0.0,0.4,0.0,1.0,0.0,0.0,1.2,1.6,0.6,6.0,42.6,105.0,2.4,4.0,0.0,0.0,0
3,2,s34,ds_3_snip_2_s34.java,0,0,0,0,0,3,91,0,12,1,7,0.07692307692307693,0.0,0.0,0.0,0.6153846153846154,0.0,0.07692307692307693,0.0,0.9230769230769231,0.23076923076923078,7.0,26.0,46.0,5.846153846153846,12.0,0.0,0.07692307692307693,1
3,5,expectedException,ds_3_snip_5_expectedException.java,1,1,0,0,0,5,41,1,10,1,5,0.14285714285714285,0.0,0.0,0.14285714285714285,0.2857142857142857,0.0,0.14285714285714285,0.0,1.4285714285714286,0.7142857142857143,5.857142857142857,32.285714285714285,61.0,4.0,8.0,0.0,0.0,0
3,11,s45,ds_3_snip_11_s45.java,0,0,0,0,2,3,31,0,12,1,4,0.0,0.0,0.0,0.0,0.6,0.0,0.0,0.4,2.4,0.6,6.2,51.0,93.0,2.4,4.0,0.0,0.0,0
3,72,Grantee,ds_3_snip_72_Grantee.java,3,0,0,3,2,0,29,0,4,0,4,0.0,0.0,0.375,0.0,0.875,0.0,0.0,0.25,0.5,0.0,3.625,22.625,94.0,1.5,4.0,0.0,0.0,0
3,14,close,ds_3_snip_14_close.java,0,1,0,1,0,2,50,0,6,1,9,0.1,0.0,0.1,0.0,0.3,0.0,0.1,0.0,0.6,0.2,5.0,17.3,63.0,4.0,8.0,0.0,0.0,0
3,23,s58,ds_3_snip_23_s58.java,0,0,0,0,3,4,26,0,12,0,4,0.0,0.0,0.0,0.0,0.6,0.0,0.0,0.6,2.4,0.8,5.2,51.4,121.0,2.4,4.0,0.0,0.0,0
3,81,assertEquals,ds_3_snip_81_assertEquals.java,3,3,0,0,3,0,80,4,10,5,8,0.3333333333333333,0.0,0.0,0.4444444444444444,0.4444444444444444,0.0,0.3333333333333333,0.3333333333333333,1.1111111111111112,0.0,8.88888888888889,38.44444444444444,81.0,4.444444444444445,8.0,0.0,0.0,0
3,82,removeName,ds_3_snip_82_removeName.java,1,1,0,0,0,3,38,1,8,1,6,0.14285714285714285,0.0,0.0,0.14285714285714285,0.5714285714285714,0.0,0.14285714285714285,0.0,1.1428571428571428,0.42857142857142855,5.428571428571429,26.857142857142858,53.0,3.4285714285714284,8.0,0.0,0.0,0
3,39,compact,ds_3_snip_39_compact.java,1,1,0,0,2,1,41,2,12,2,6,0.14285714285714285,0.0,0.0,0.2857142857142857,0.5714285714285714,0.0,0.14285714285714285,0.2857142857142857,1.7142857142857142,0.14285714285714285,5.857142857142857,32.714285714285715,66.0,3.4285714285714284,8.0,0.0,0.0,0
3,93,check,ds_3_snip_93_check.java,2,1,0,0,2,12,69,3,30,4,7,0.125,0.0,0.0,0.375,0.625,0.375,0.125,0.25,3.75,1.5,8.625,46.25,145.0,4.5,8.0,0.0,0.0,0
3,42,s76,ds_3_snip_42_s76.java,0,0,0,0,0,7,17,0,16,0,4,0.0,0.0,0.0,0.0,0.6,0.0,0.0,0.0,3.2,1.4,3.4,32.8,61.0,2.4,4.0,0.0,0.0,0
3,61,getParametersMethod,ds_3_snip_61_getParametersMethod.java,0,2,2,0,0,7,128,1,26,1,11,0.15384615384615385,0.15384615384615385,0.0,0.07692307692307693,0.3076923076923077,0.07692307692307693,0.15384615384615385,0.0,2.0,0.5384615384615384,9.846153846153847,34.46153846153846,79.0,7.6923076923076925,20.0,0.0,0.0,0
3,22,s57,ds_3_snip_22_s57.java,0,0,0,0,1,4,27,0,14,0,4,0.0,0.0,0.0,0.0,0.6,0.0,0.0,0.2,2.8,0.8,5.4,38.8,80.0,2.4,4.0,0.0,0.0,0
3,45,getAnnotatedClasses,ds_3_snip_45_getAnnotatedClasses.java,1,1,0,0,1,6,38,1,16,3,5,0.16666666666666666,0.0,0.0,0.16666666666666666,0.5,0.0,0.16666666666666666,0.16666666666666666,2.6666666666666665,1.0,6.333333333333333,51.333333333333336,90.0,3.3333333333333335,8.0,0.0,0.0,0
3,71,compactString,ds_3_snip_71_compactString.java,1,2,0,2,1,2,63,2,14,3,7,0.25,0.0,0.25,0.25,0.375,0.75,0.25,0.125,1.75,0.25,7.875,37.875,103.0,4.0,8.0,0.0,0.375,1
3,6,s39,ds_3_snip_6_s39.java,0,0,0,2,0,5,23,0,8,3,4,0.0,0.0,0.4,0.0,0.4,0.0,0.0,0.0,1.6,1.0,4.6,29.8,69.0,2.4,4.0,0.0,0.6,2
3,84,s16,ds_3_snip_84_s16.java,0,1,0,1,0,3,31,1,10,1,5,0.16666666666666666,0.0,0.16666666666666666,0.16666666666666666,0.3333333333333333,0.0,0.16666666666666666,0.0,1.6666666666666667,0.5,5.166666666666667,32.833333333333336,67.0,3.3333333333333335,8.0,0.0,0.0,0
3,94,s26,ds_3_snip_94_s26.java,0,1,0,0,12,3,77,1,14,9,6,0.125,0.0,0.0,0.125,0.5,1.375,0.125,1.5,1.75,0.375,9.625,35.875,89.0,4.5,8.0,0.0,1.125,3
3,73,quit,ds_3_snip_73_quit.java,0,1,0,0,0,3,29,0,12,3,6,0.14285714285714285,0.0,0.0,0.0,0.42857142857142855,0.0,0.14285714285714285,0.0,1.7142857142857142,0.42857142857142855,4.142857142857143,20.571428571428573,42.0,3.4285714285714284,8.0,0.0,0.14285714285714285,1
3,33,run,ds_3_snip_33_run.java,1,0,0,0,0,2,20,0,10,0,4,0.0,0.0,0.0,0.0,0.8,0.0,0.0,0.0,2.0,0.4,4.0,32.0,57.0,2.4,4.0,0.0,0.0,0
3,49,importPackage,ds_3_snip_49_importPackage.java,1,2,0,1,0,3,39,1,14,1,6,0.2857142857142857,0.0,0.14285714285714285,0.14285714285714285,0.7142857142857143,0.0,0.2857142857142857,0.0,2.0,0.42857142857142855,5.571428571428571,32.857142857142854,40.0,4.0,8.0,0.0,0.0,0
3,19,s54,ds_3_snip_19_s54.java,0,0,0,0,7,3,22,0,8,4,4,0.0,0.0,0.0,0.0,1.4,0.0,0.0,1.4,1.6,0.6,4.4,27.0,43.0,2.4,4.0,0.0,0.0,0
3,3,s36,ds_3_snip_3_s36.java,0,1,0,0,5,3,45,1,14,2,6,0.14285714285714285,0.0,0.0,0.14285714285714285,0.5714285714285714,0.0,0.14285714285714285,0.7142857142857143,2.0,0.42857142857142855,6.428571428571429,33.42857142857143,75.0,3.4285714285714284,8.0,0.0,0.0,0
3,85,s17,ds_3_snip_85_s17.java,0,0,1,1,0,1,47,1,12,1,6,0.0,0.14285714285714285,0.14285714285714285,0.14285714285714285,0.2857142857142857,0.0,0.0,0.0,1.7142857142857142,0.14285714285714285,6.714285714285714,29.571428571428573,57.0,3.4285714285714284,8.0,0.0,0.14285714285714285,1
3,100,Date,ds_3_snip_100_Date.java,0,0,0,2,0,5,24,0,8,1,4,0.0,0.0,0.4,0.0,0.8,0.2,0.0,0.0,1.6,1.0,4.8,31.4,48.0,2.4,4.0,0.0,0.2,1
3,8,s41,ds_3_snip_8_s41.java,0,0,0,2,0,0,76,1,12,1,5,0.1111111111111111,0.0,0.2222222222222222,0.1111111111111111,0.4444444444444444,0.0,0.1111111111111111,0.0,1.3333333333333333,0.0,8.444444444444445,21.88888888888889,48.0,6.666666666666667,12.0,0.0,0.1111111111111111,1
3,46,s79,ds_3_snip_46_s79.java,0,1,1,0,3,3,72,2,8,3,8,0.1111111111111111,0.1111111111111111,0.0,0.2222222222222222,0.3333333333333333,0.0,0.1111111111111111,0.3333333333333333,0.8888888888888888,0.3333333333333333,8.0,25.77777777777778,102.0,5.333333333333333,12.0,0.0,0.3333333333333333,1
3,27,s62,ds_3_snip_27_s62.java,0,1,0,2,0,2,43,1,10,2,6,0.14285714285714285,0.0,0.2857142857142857,0.14285714285714285,0.42857142857142855,0.14285714285714285,0.14285714285714285,0.0,1.4285714285714286,0.2857142857142857,6.142857142857143,22.285714285714285,49.0,4.0,8.0,0.0,0.14285714285714285,1
3,52,s84,ds_3_snip_52_s84.java,0,0,0,3,0,5,21,0,2,0,4,0.0,0.0,0.6,0.0,0.8,0.0,0.0,0.0,0.4,1.0,4.2,25.4,43.0,2.4,4.0,0.0,0.0,0
3,90,createSettingsPanel,ds_3_snip_90_createSettingsPanel.java,0,0,0,1,4,7,28,0,12,0,5,0.0,0.0,0.16666666666666666,0.0,0.8333333333333334,0.0,0.0,0.6666666666666666,2.0,1.1666666666666667,4.666666666666667,43.166666666666664,100.0,2.6666666666666665,4.0,0.0,0.0,0
3,95,comuteDisplayPointCentre,ds_3_snip_95_comuteDisplayPointCentre.java,1,0,0,0,1,6,40,0,12,2,5,0.0,0.0,0.0,0.0,1.0,0.6666666666666666,0.0,0.16666666666666666,2.0,1.0,6.666666666666667,39.666666666666664,67.0,2.6666666666666665,4.0,0.0,0.3333333333333333,1
3,96,filter,ds_3_snip_96_filter.java,1,1,1,0,0,7,73,0,20,0,7,0.1111111111111111,0.1111111111111111,0.0,0.0,0.4444444444444444,0.0,0.1111111111111111,0.0,2.2222222222222223,0.7777777777777778,8.11111111111111,33.888888888888886,73.0,6.222222222222222,12.0,0.0,0.0,0
3,87,Constraint,ds_3_snip_87_Constraint.java,7,0,0,3,6,0,34,0,4,0,4,0.0,0.0,0.3333333333333333,0.0,1.1111111111111112,0.0,0.0,0.6666666666666666,0.4444444444444444,0.0,3.7777777777777777,22.22222222222222,125.0,1.3333333333333333,4.0,0.0,0.0,0
3,89,s21,ds_3_snip_89_s21.java,0,2,0,0,0,2,56,0,10,2,8,0.2,0.0,0.0,0.0,0.5,0.0,0.2,0.0,1.0,0.2,5.6,17.7,39.0,4.4,8.0,0.0,0.0,0
3,25,s60,ds_3_snip_25_s60.java,0,0,0,0,0,1,19,0,6,0,4,0.0,0.0,0.0,0.0,0.6,0.0,0.0,0.0,1.2,0.2,3.8,26.0,60.0,2.4,4.0,0.0,0.0,0
3,97,s29,ds_3_snip_97_s29.java,0,0,0,2,0,1,20,0,2,1,4,0.0,0.0,0.4,0.0,0.6,0.0,0.0,0.0,0.4,0.2,4.0,18.6,31.0,2.4,4.0,0.0,0.2,1
3,68,purgeOldMessagesFromMessagesToIgnore,ds_3_snip_68_purgeOldMessagesFromMessagesToIgnore.java,1,2,1,0,1,9,107,1,26,3,10,0.18181818181818182,0.09090909090909091,0.0,0.09090909090909091,0.2727272727272727,0.2727272727272727,0.18181818181818182,0.09090909090909091,2.3636363636363638,0.8181818181818182,9.727272727272727,39.81818181818182,78.0,7.2727272727272725,16.0,0.0,0.09090909090909091,1
3,18,s53,ds_3_snip_18_s53.java,0,1,0,2,0,5,75,0,18,3,9,0.1,0.0,0.2,0.0,0.5,0.1,0.1,0.0,1.8,0.5,7.5,28.0,61.0,5.6,12.0,0.0,0.0,0
3,35,DisbandUnitAction,ds_3_snip_35_DisbandUnitAction.java,1,0,0,0,0,0,0,0,0,6,4,0.0,0.0,0.0,0.0,0.4,0.0,0.0,0.0,0.0,0.0,0.0,0.0,0.0,0.0,0.0,0.16666666666666666,0.6,1
3,55,correctTimeZone,ds_3_snip_55_correctTimeZone.java,1,2,0,0,0,10,57,0,18,4,7,0.25,0.0,0.0,0.0,0.375,0.5,0.25,0.0,2.25,1.25,7.125,35.125,65.0,4.5,12.0,0.0,0.5,4
3,38,getListCellRendererComponent,ds_3_snip_38_getListCellRendererComponent.java,5,1,0,1,8,1,61,0,12,1,7,0.125,0.0,0.125,0.0,0.5,0.0,0.125,1.0,1.5,0.125,7.625,46.25,126.0,3.5,8.0,0.0,0.0,0
3,9,removeProgram,ds_3_snip_9_removeProgram.java,1,2,0,0,1,2,65,2,12,3,8,0.2222222222222222,0.0,0.0,0.2222222222222222,0.5555555555555556,0.0,0.2222222222222222,0.1111111111111111,1.3333333333333333,0.2222222222222222,7.222222222222222,28.444444444444443,62.0,5.333333333333333,12.0,0.0,0.0,0
3,99,s31,ds_3_snip_99_s31.java,0,2,0,0,0,4,44,0,24,1,6,0.2857142857142857,0.0,0.0,0.0,0.42857142857142855,0.14285714285714285,0.2857142857142857,0.0,3.4285714285714284,0.5714285714285714,6.285714285714286,46.285714285714285,73.0,4.0,8.0,0.0,0.0,0
3,15,actionPerformed,ds_3_snip_15_actionPerformed.java,1,2,0,1,0,0,50,0,12,2,8,0.2222222222222222,0.0,0.1111111111111111,0.0,0.4444444444444444,0.0,0.2222222222222222,0.0,1.3333333333333333,0.0,5.555555555555555,18.77777777777778,46.0,4.444444444444445,8.0,0.0,0.0,0
3,51,filter2,ds_3_snip_51_filter2.java,1,2,1,0,0,6,68,0,24,0,8,0.2222222222222222,0.1111111111111111,0.0,0.0,0.3333333333333333,0.0,0.2222222222222222,0.0,2.6666666666666665,0.6666666666666666,7.555555555555555,38.0,77.0,5.333333333333333,12.0,0.0,0.0,0
3,80,s12,ds_3_snip_80_s12.java,0,0,0,0,1,4,16,0,10,0,4,0.0,0.0,0.0,0.0,0.4,0.0,0.0,0.2,2.0,0.8,3.2,25.4,43.0,2.4,4.0,0.0,0.0,0
3,44,s77,ds_3_snip_44_s77.java,0,0,0,0,1,6,37,0,16,2,4,0.0,0.0,0.0,0.0,0.6,1.0,0.0,0.2,3.2,1.2,7.4,64.4,151.0,2.4,4.0,0.0,0.0,0
3,67,s99,ds_3_snip_67_s99.java,0,1,0,1,0,10,62,6,14,2,6,0.14285714285714285,0.0,0.14285714285714285,0.8571428571428571,0.42857142857142855,0.0,0.14285714285714285,0.0,2.0,1.4285714285714286,8.857142857142858,52.714285714285715,214.0,4.0,8.0,0.0,0.0,0
3,32,addZero,ds_3_snip_32_addZero.java,1,1,0,0,0,3,41,1,12,2,7,0.125,0.0,0.0,0.125,0.75,0.0,0.125,0.0,1.5,0.375,5.125,26.25,48.0,3.5,8.0,0.0,0.125,1
3,47,returnToTitle,ds_3_snip_47_returnToTitle.java,0,0,0,0,0,0,15,0,8,0,4,0.0,0.0,0.0,0.0,1.6,0.0,0.0,0.0,1.6,0.0,3.0,19.2,29.0,2.4,4.0,0.0,0.0,0
3,54,jjCanMove,ds_3_snip_54_jjCanMove_1.java,5,1,0,0,4,0,104,2,12,5,6,0.2,0.0,0.0,0.2,0.4,0.0,0.2,0.4,1.2,0.0,10.4,28.9,88.0,7.6,16.0,0.0,0.1,1
3,66,s98,ds_3_snip_66_s98.java,0,0,1,0,0,4,30,1,14,1,5,0.0,0.2,0.0,0.2,0.6,0.0,0.0,0.0,2.8,0.8,6.0,40.4,84.0,2.4,4.0,0.0,0.2,1
3,13,readData,ds_3_snip_13_readData.java,1,0,0,2,1,3,26,0,8,0,4,0.0,0.0,0.4,0.0,0.8,0.0,0.0,0.2,1.6,0.6,5.2,37.4,91.0,2.4,4.0,0.0,0.0,0
3,37,getASMModifiers,ds_3_snip_37_getASMModifiers.java,1,2,0,1,0,1,47,1,8,4,7,0.25,0.0,0.125,0.125,0.5,0.0,0.25,0.0,1.0,0.125,5.875,23.375,49.0,4.0,8.0,0.0,0.25,1
3,59,jjMoveStringLiteralDfa18,ds_3_snip_59_jjMoveStringLiteralDfa18_0.java,4,1,0,3,9,3,79,1,18,6,10,0.1,0.0,0.3,0.1,0.4,0.0,0.1,0.9,1.8,0.3,7.9,36.4,96.0,4.4,8.0,0.0,0.3,1
3,16,getBaseName,ds_3_snip_16_getBaseName.java,1,1,0,0,0,2,35,1,8,3,5,0.16666666666666666,0.0,0.0,0.16666666666666666,0.5,0.16666666666666666,0.16666666666666666,0.0,1.3333333333333333,0.3333333333333333,5.833333333333333,27.833333333333332,53.0,3.3333333333333335,8.0,0.0,0.3333333333333333,1
3,20,s55,ds_3_snip_20_s55.java,0,2,0,1,2,4,68,1,16,1,8,0.2222222222222222,0.0,0.1111111111111111,0.1111111111111111,0.5555555555555556,0.0,0.2222222222222222,0.2222222222222222,1.7777777777777777,0.4444444444444444,7.555555555555555,37.111111111111114,136.0,5.777777777777778,12.0,0.0,0.0,0
3,10,link,ds_3_snip_10_link.java,1,0,0,3,0,3,21,0,2,0,4,0.0,0.0,0.6,0.0,0.4,0.0,0.0,0.0,0.4,0.6,4.2,20.4,35.0,2.4,4.0,0.0,0.0,0
3,12,getGlobal,ds_3_snip_12_getGlobal.java,1,1,0,0,0,1,33,1,8,1,4,0.16666666666666666,0.0,0.0,0.16666666666666666,0.6666666666666666,0.0,0.16666666666666666,0.0,1.3333333333333333,0.16666666666666666,5.5,31.333333333333332,57.0,4.0,8.0,0.0,0.0,0
3,78,moveUnit,ds_3_snip_78_moveUnit.java,1,1,0,0,0,7,82,0,12,0,7,0.16666666666666666,0.0,0.0,0.0,0.3333333333333333,0.0,0.16666666666666666,0.0,1.0,0.5833333333333334,6.833333333333333,24.833333333333332,52.0,6.0,12.0,0.0,0.0,0
3,40,s74,ds_3_snip_40_s74.java,0,0,1,3,1,3,41,0,14,0,6,0.0,0.14285714285714285,0.42857142857142855,0.0,0.5714285714285714,0.0,0.0,0.14285714285714285,2.0,0.42857142857142855,5.857142857142857,30.0,63.0,4.0,8.0,0.0,0.0,0
3,88,s20,ds_3_snip_88_s20.java,0,0,0,0,2,0,28,0,6,1,4,0.0,0.0,0.0,0.0,0.6,0.0,0.0,0.4,1.2,0.0,5.6,30.4,64.0,2.4,4.0,0.0,0.0,0
3,4,s37,ds_3_snip_4_s37.java,0,2,1,0,4,10,50,1,32,1,7,0.2857142857142857,0.14285714285714285,0.0,0.14285714285714285,0.2857142857142857,0.0,0.2857142857142857,0.5714285714285714,4.571428571428571,1.4285714285714286,7.142857142857143,55.42857142857143,99.0,4.0,8.0,0.0,0.0,0
3,69,s1,ds_3_snip_69_s1.java,0,1,0,0,1,2,86,0,12,1,8,0.18181818181818182,0.0,0.0,0.0,0.45454545454545453,0.0,0.18181818181818182,0.09090909090909091,1.0909090909090908,0.18181818181818182,7.818181818181818,26.727272727272727,51.0,5.818181818181818,16.0,0.0,0.0,0
3,30,s65,ds_3_snip_30_s65.java,0,0,1,0,0,4,47,1,6,1,6,0.0,0.14285714285714285,0.0,0.14285714285714285,0.42857142857142855,0.0,0.0,0.0,0.8571428571428571,0.5714285714285714,6.714285714285714,32.0,56.0,3.4285714285714284,8.0,0.0,0.14285714285714285,1
9_nc,8,getMove,ds_9$nc_snip_8_getMove.java,2,0,3,1,2,23,175,0,56,11,26,0.0,0.1111111111111111,0.037037037037037035,0.0,0.14814814814814814,0.0,0.0,0.07407407407407407,2.074074074074074,0.8518518518518519,6.481481481481482,31.555555555555557,65.0,5.037037037037037,8.0,0.0,0.0,0
9_nc,2,logAndEmailSeriousProblemS123,ds_9$nc_snip_2_logAndEmailSeriousProblemS123.java,2,0,0,0,3,12,54,0,24,2,10,0.0,0.0,0.0,0.0,0.6363636363636364,0.0,0.0,0.2727272727272727,2.1818181818181817,1.0909090909090908,4.909090909090909,45.36363636363637,86.0,3.272727272727273,4.0,0.0,0.0,0
9_nc,6,writeUTable323,ds_9$nc_snip_6_writeUTable323.java,1,4,1,5,2,21,386,2,64,9,31,0.125,0.03125,0.15625,0.0625,0.15625,0.0,0.125,0.0625,2.0,0.65625,12.0625,36.875,87.0,9.75,20.0,0.0,0.09375,2
9_nc,3,apply213,ds_9$nc_snip_3_apply213.java,2,5,0,0,2,17,313,3,46,3,23,0.20833333333333334,0.0,0.0,0.125,0.16666666666666666,0.0,0.20833333333333334,0.08333333333333333,1.9166666666666667,0.7083333333333334,13.041666666666666,46.291666666666664,89.0,11.0,20.0,0.0,0.0,0
9_nc,1,logAndEmailSeriousProblemS113,ds_9$nc_snip_1_logAndEmailSeriousProblemS113.java,2,0,0,0,3,12,40,0,24,2,8,0.0,0.0,0.0,0.0,0.7777777777777778,0.0,0.0,0.3333333333333333,2.6666666666666665,1.3333333333333333,4.444444444444445,47.55555555555556,102.0,3.111111111111111,4.0,0.0,0.0,0
9_nc,7,getMove413,ds_9$nc_snip_7_getMove413.java,2,0,3,1,2,23,128,0,56,11,18,0.0,0.15789473684210525,0.05263157894736842,0.0,0.21052631578947367,0.0,0.0,0.10526315789473684,2.9473684210526314,1.2105263157894737,6.7368421052631575,37.68421052631579,93.0,4.842105263157895,8.0,0.0,0.0,0
9_nc,5,copyUTable313,ds_9$nc_snip_5_copyUTable313.java,1,4,1,3,2,33,303,2,88,9,24,0.16,0.04,0.12,0.08,0.2,0.0,0.16,0.08,3.52,1.32,12.12,45.28,183.0,9.92,20.0,0.0,0.12,2
9_nc,10,shortenText523,ds_9$nc_snip_10_shortenText523.java,2,1,1,1,3,10,214,3,22,7,23,0.041666666666666664,0.041666666666666664,0.041666666666666664,0.125,0.20833333333333334,0.25,0.041666666666666664,0.125,0.9166666666666666,0.4166666666666667,8.916666666666666,30.916666666666668,72.0,5.833333333333333,12.0,0.0,0.25,2
9_nc,4,apply223,ds_9$nc_snip_4_apply223.java,2,5,0,2,2,16,358,3,44,3,26,0.18518518518518517,0.0,0.07407407407407407,0.1111111111111111,0.14814814814814814,0.0,0.18518518518518517,0.07407407407407407,1.6296296296296295,0.5925925925925926,13.25925925925926,45.407407407407405,89.0,11.25925925925926,20.0,0.0,0.0,0
9_nc,9,shortenText513,ds_9$nc_snip_9_shortenText513.java,2,1,1,0,3,10,190,3,22,7,20,0.047619047619047616,0.047619047619047616,0.0,0.14285714285714285,0.23809523809523808,0.2857142857142857,0.047619047619047616,0.14285714285714285,1.0476190476190477,0.47619047619047616,9.047619047619047,31.61904761904762,72.0,5.904761904761905,12.0,0.0,0.2857142857142857,2
9_gc,1,logAndEmailSeriousProblemS111,ds_9$gc_snip_1_logAndEmailSeriousProblemS111.java,2,0,0,0,3,12,40,0,24,2,8,0.0,0.0,0.0,0.0,1.1111111111111112,0.0,0.0,0.3333333333333333,2.6666666666666665,1.3333333333333333,4.444444444444445,47.55555555555556,102.0,3.111111111111111,4.0,0.0,0.0,0
9_gc,6,writeUTable321,ds_9$gc_snip_6_writeUTable321.java,1,4,1,5,2,21,386,2,64,9,31,0.125,0.03125,0.15625,0.0625,0.34375,0.0,0.125,0.0625,2.0,0.65625,12.0625,36.875,87.0,9.75,20.0,0.0,0.09375,2
9_gc,7,getMove411,ds_9$gc_snip_7_getMove411.java,2,0,3,1,2,23,128,0,56,11,18,0.0,0.15789473684210525,0.05263157894736842,0.0,0.6842105263157895,0.0,0.0,0.10526315789473684,2.9473684210526314,1.2105263157894737,6.7368421052631575,37.68421052631579,93.0,4.842105263157895,8.0,0.0,0.0,0
9_gc,10,shortenText521,ds_9$gc_snip_10_shortenText521.java,2,1,1,1,3,10,214,3,22,7,23,0.041666666666666664,0.041666666666666664,0.041666666666666664,0.125,0.4166666666666667,0.25,0.041666666666666664,0.125,0.9166666666666666,0.4166666666666667,8.916666666666666,30.916666666666668,72.0,5.833333333333333,12.0,0.0,0.25,2
9_gc,4,apply,ds_9$gc_snip_4_apply.java,2,5,0,2,2,16,358,3,44,3,26,0.18518518518518517,0.0,0.07407407407407407,0.1111111111111111,0.5185185185185185,0.0,0.18518518518518517,0.07407407407407407,1.6296296296296295,0.5925925925925926,13.25925925925926,45.2962962962963,89.0,11.25925925925926,20.0,0.0,0.0,0
9_gc,2,logAndEmailSeriousProblemS121,ds_9$gc_snip_2_logAndEmailSeriousProblemS121.java,2,0,0,0,3,12,54,0,24,2,10,0.0,0.0,0.0,0.0,1.0,0.0,0.0,0.2727272727272727,2.1818181818181817,1.0909090909090908,4.909090909090909,45.36363636363637,86.0,3.272727272727273,4.0,0.0,0.0,0
9_gc,8,getMove421,ds_9$gc_snip_8_getMove421.java,2,0,3,1,2,23,175,0,56,11,26,0.0,0.1111111111111111,0.037037037037037035,0.0,0.3333333333333333,0.0,0.0,0.07407407407407407,2.074074074074074,0.8518518518518519,6.481481481481482,31.666666666666668,68.0,5.037037037037037,8.0,0.0,0.0,0
9_gc,3,apply211,ds_9$gc_snip_3_apply211.java,2,5,0,0,2,17,313,3,46,3,23,0.20833333333333334,0.0,0.0,0.125,0.75,0.0,0.20833333333333334,0.08333333333333333,1.9166666666666667,0.7083333333333334,13.041666666666666,46.291666666666664,89.0,11.0,20.0,0.0,0.0,0
9_gc,9,shortenText511,ds_9$gc_snip_9_shortenText511.java,2,1,1,0,3,10,190,3,22,7,20,0.047619047619047616,0.047619047619047616,0.0,0.14285714285714285,0.6190476190476191,0.2857142857142857,0.047619047619047616,0.14285714285714285,1.0476190476190477,0.47619047619047616,9.047619047619047,31.61904761904762,72.0,5.904761904761905,12.0,0.0,0.2857142857142857,2
9_gc,5,copyUTable311,ds_9$gc_snip_5_copyUTable311.java,1,4,1,3,2,33,303,2,88,9,24,0.16,0.04,0.12,0.08,0.6,0.0,0.16,0.08,3.52,1.32,12.12,45.28,183.0,9.92,20.0,0.0,0.12,2
