feature_set,warning_feature,target,use_smote,#models_F1_mean_improved / 6,#models_F1_median_improved / 6,#models_improved_both_F1(median+mean) / 6,#models_improved_F1_mean_with_statistical_significance / 6,#models_improved_F1_median_with_statistical_significance / 6,#models_improved_both_F1(mean+median)_with_statistical_significance / 6,avg(mean_F1_improvement),median(mean_F1_improvement),q3(mean_F1_improvement),avg(median_F1_improvement),median(median_F1_improvement),q3(median_F1_improvement),#models_AUC_mean_improved / 6,#models_AUC_median_improved / 6,#models_improved_both_AUC(median+mean) / 6,#models_improved_in_F1(median+mean)+AUC(median+mean) / 12,#models_improved_AUC_mean_with_statistical_significance / 6,#models_improved_AUC_median_with_statistical_significance / 6,#models_improved_both_AUC(mean+median)_with_statistical_significance / 6,#models_improved_F1(mean+median)+AUC(mean+median)_with_statistical_significance / 12,avg(mean_AUC_improvement),median(mean_AUC_improvement),q3(mean_AUC_improvement),avg(median_AUC_improvement),median(median_AUC_improvement),q3(median_AUC_improvement)
set1,warnings_checker_framework,PBU,True,2,2,2,0,0,0,0.004133927381564417,-0.00197080141930335,0.010535840310951474,0.0029256995813685843,-0.00280896252796985,0.010245856114172,1,1,1,0,0,0,0,0,-0.0038635274114738167,-0.0061213447715298,-0.002181630334723875,-0.004601393214120133,-0.005223573652976,-0.0016299185224356249
set1,warnings_checker_framework,PBU,False,1,1,0,0,0,0,-0.0021431124114530665,-0.00128728842169785,-0.000268793448804025,-0.0029687371807477665,-0.0020991475603787998,-0.000243193433777275,2,1,1,0,0,0,0,0,0.0010510182467505166,-1.3655761643249775e-05,0.0010952045193187501,-0.0010116144701019833,-0.0008960573476702,0.0
set1,warnings_checker_framework,ABU50,True,5,5,4,1,1,1,0.0020697927072006825,0.0088070895124803,0.01152991049076695,0.010785718870251983,0.0120835076850459,0.014116370818350675,5,3,3,6,1,1,1,2,0.007413720538720466,0.0080555555555555,0.00941287878787865,0.00420033670033665,0.00328282828282825,0.008345959595959549
set1,warnings_checker_framework,ABU50,False,4,3,3,0,0,0,0.00521862222159284,0.0025220680958386,0.0092542857603307,0.00362044648350524,0.0025220680958386,0.00314972795616,3,2,2,4,1,0,0,0,0.0040454545454545,0.0065656565656565,0.0066414141414141,0.0023535353535353446,0.0,0.0054040404040405
set1,warnings_checker_framework,BD50,True,3,2,2,1,1,1,0.002588963112300434,0.00157863759007045,0.00689977175555285,-0.002192213896874567,-0.001349820512502,0.001128762541806075,2,1,1,2,1,1,1,2,-0.005067541003099216,-0.0015522875816993,0.002106347233728975,-0.009580494952284467,-0.0039883089385989,-0.00077614379084965
set1,warnings_checker_framework,BD50,False,2,2,2,0,0,0,0.002455137107491867,0.0,0.0069497581876731005,0.0037346183564019833,0.0,0.0069497581876731005,1,1,1,0,0,0,0,0,-0.00016596857835465004,-0.0003011944214305,0.0,0.0005071688299733166,0.0,0.0
set1,warnings_infer,PBU,True,2,3,2,0,0,0,0.03306194471845925,-0.0020347579046112,0.0005632069791574499,0.03525159445674975,0.0016925145244154,0.0059058347037331,1,1,1,0,0,0,0,0,-0.005517634974418556,-0.0015862989730431,-3.9824771007525e-05,-0.003621361093157333,-0.00140064046066155,-0.000341897291262725
set1,warnings_infer,PBU,False,1,0,0,0,0,0,-0.0017750400405018164,-0.00101805608912795,0.0,-0.0021914631475452497,-0.00125678161313045,-0.00011936276200125,1,1,1,0,0,0,0,0,-0.002061030606626683,-0.00225507765830345,0.0,-0.004184294024325733,-0.00225507765830345,0.0
set1,warnings_infer,ABU50,True,2,2,1,0,0,0,-0.00859923093584245,-0.003477344573235,0.000992605842392175,0.0054742800855024825,-0.00018704620261855,0.00880243425342315,3,3,3,2,0,0,0,0,0.0021718374218373834,0.00091666666666665,0.007162878787878749,0.003779461279461283,0.00175505050505045,0.00758207070707065
set1,warnings_infer,ABU50,False,0,1,0,0,0,0,-0.00221740146351486,-0.0005650253316173,0.0,-0.0012106552005713,0.0,0.0,0,0,0,0,0,0,0,0,-0.0027914141414141,-0.0010151515151515,0.0,-0.0025606060606060198,-0.0004040404040404,0.0
set1,warnings_infer,BD50,True,4,4,4,1,1,1,0.009211978457587715,0.00531533040029145,0.01050856463272545,0.00470448327218745,0.0033061165145911496,0.006247939003574175,3,3,3,6,1,1,1,2,0.0015060040709033004,0.00185185185185185,0.006556995842155325,-0.0006015258215962167,0.00277777777777775,0.006489344564116675
set1,warnings_infer,BD50,False,1,1,1,0,0,0,-0.00044165495907633325,0.0,0.0,0.0010943628314427332,0.0,0.0,0,0,0,0,0,0,0,0,-0.0008224592653962667,-7.191843873695e-05,0.0,-0.00015160406885755,0.0,0.0
set1,warnings_openjml,PBU,True,0,0,0,0,0,0,-0.0421586736205422,-0.012971951724747851,-0.00624662815501195,-0.09022278744884638,-0.01590523487286015,-0.01001020817477855,1,1,0,0,0,0,0,0,-0.0035231171370560164,-0.0023639143506278,-0.001462532071998,-0.00271134875400695,-0.0019081614665960999,-0.000386577746440225
set1,warnings_openjml,PBU,False,2,2,2,0,0,0,-0.0005534071128196333,-0.00048399486244035,0.0007354589576596501,-0.0005495416443676833,0.0,0.0006194338608261,3,1,1,0,0,0,0,0,0.0010605380950412166,0.00010913728229665,0.0009624693697457,0.00012828799185226648,-0.0008960573476702,0.0
set1,warnings_openjml,ABU50,True,3,4,3,0,0,0,-0.008698126714586666,0.0003478041691398,0.00629774252763095,0.0055780989540965,0.0036959925251880497,0.009987300542542401,3,2,2,2,0,0,0,0,0.0011967592592592332,0.0005378787878788001,0.007718434343434275,0.001144781144781155,-2.5252525252483785e-05,0.006704545454545425
set1,warnings_openjml,ABU50,False,1,2,1,0,0,0,-0.047385277039635014,-0.0002184493072803125,-1.2961877338124594e-07,-0.04562529808989732,0.0,0.000153846153846075,1,1,1,0,0,0,0,0,-0.004090788840788833,-0.00205266955266945,-0.00037878787878785,-0.0033543771043771,-0.00101010101010095,0.0
set1,warnings_openjml,BD50,True,5,5,5,0,0,0,0.01185613599161135,0.0046901045801847,0.007677300971293075,0.0038235309468211665,0.0035479220831588004,0.0065311572693338,4,4,4,8,1,1,1,0,0.0019200064828574503,0.0030977860627819,0.00449006950197915,-0.0002834545398753999,0.0031045751633986,0.005074277363527575
set1,warnings_openjml,BD50,False,2,2,2,0,0,0,0.014857427921829217,0.0,0.027048560374219946,0.01514733737901005,0.0,0.027048560374219946,1,1,1,0,0,0,0,0,0.001711121850931333,0.0,0.0,0.0019026742152260165,0.0,0.0
set1,warnings_typestate_checker,PBU,True,2,2,2,0,0,0,-0.0027745991000375,-0.00392979141492805,0.002561077450070925,-0.007119145791795682,-0.0035080692637974,0.0027732205956587253,3,2,2,2,0,0,0,0,0.0010072550411289831,0.00031043735432945,0.003337586283117775,0.0014409548804930666,0.0,0.000465656031494175
set1,warnings_typestate_checker,PBU,False,0,0,0,0,0,0,-0.00211170054543615,-0.0013195183735937,-0.000552880310445425,-0.00291712785060765,-0.00109869231264745,-0.000880656138909175,1,0,0,0,0,0,0,0,-0.0028800291467995665,-0.0014114671402114499,-0.000102459016393425,-0.00459086576440705,-0.0042295865405331,-0.000204918032786875
set1,warnings_typestate_checker,ABU50,True,3,3,2,0,0,0,-0.012056270848756665,-0.0021934324295564,0.00467700855269535,-0.002646625653758217,0.00010082032297045,0.00104610592019495,2,2,1,2,0,0,0,0,-3.808922558923332e-05,-0.0032234848484848,0.00647853535353535,0.0003829966329966167,-0.0011742424242424,0.005227272727272675
set1,warnings_typestate_checker,ABU50,False,0,0,0,0,0,0,-0.00858050274414328,-0.0077983343095259,-0.0040876970682363,-0.0059516570216235605,-0.0006127171901171,0.0,1,0,0,0,0,0,0,0,-0.00384217171717176,-0.0062525252525253,0.0,-0.0043232323232323,-0.0044444444444444,-0.0035353535353535
set1,warnings_typestate_checker,BD50,True,3,2,2,0,0,0,0.004949963842913784,0.001445135526384,0.0047403071516086,-0.0025078743902809835,-0.0032231698205859,0.0012287497264828,2,2,2,2,0,0,0,0,-0.0025913101612579665,-0.00327750818637305,0.0031939348509357254,-0.004682753383043284,-0.00365518273036905,0.0008903502715640751
set1,warnings_typestate_checker,BD50,False,2,2,2,0,0,0,0.022566256347652167,0.0,0.049431818181818174,0.022959375660052416,0.0,0.049431818181818174,1,1,1,0,0,0,0,0,0.0030905175059069163,0.0,0.0,0.003399440762220383,0.0,0.0
set1,warning_sum,PBU,True,1,1,1,0,0,0,-0.0063403763669629505,-0.00556949939162895,-0.001100425336042225,-0.008044509648830717,-0.00855301494197925,-0.00168432435977225,5,4,4,2,0,0,0,0,0.00333775649437555,0.000884109916368,0.0044516667645964,0.004891428534122034,0.0031731692030476,0.0061033501772529
set1,warning_sum,PBU,False,1,1,0,0,0,0,-0.0025026456709367245,-0.00119084385936065,-0.000127755133995525,-0.0025913815586283335,-0.00082831817370585,0.0,1,0,0,0,0,0,0,0,-0.0036619462447458166,-0.0032954998008760503,-0.00010454002389485,-0.005535071913090567,-0.00334528076463555,0.0
set1,warning_sum,ABU50,True,2,3,2,0,0,0,0.0019113060869463672,-0.006281808898912149,0.017889136093611823,0.012540339538746668,0.01026554014774055,0.03249620854178805,3,3,3,4,0,0,0,0,0.008210227272727282,0.0020738636363636497,0.023972537878787926,0.006607744107744152,0.0003409090909091499,0.022784090909091
set1,warning_sum,ABU50,False,2,3,2,0,0,0,0.0009115048699436402,-0.0016305752845036,0.0110332646780939,0.0013678719368597405,0.0009052273101363,0.0093529803300511,2,2,2,4,1,1,1,0,0.0030969696969696805,-0.0022727272727273,0.0138888888888888,0.0024141414141413994,-0.0022727272727273,0.0138888888888888
set1,warning_sum,BD50,True,3,3,3,1,1,1,0.011312710607238935,-8.701893088845e-05,0.012215968649963225,0.00231101932143195,-0.0009454397221245001,0.008098724030389175,3,2,2,2,0,0,0,0,0.0008839372016412331,0.0005208538814587,0.003868097268249925,-0.0013993410353186004,-0.00424663997054215,0.000804335818834575
set1,warning_sum,BD50,False,3,2,2,0,0,0,0.009865133427571867,0.0039064571939189,0.022880024948411425,0.009708417917683516,0.0,0.020926796351451976,2,1,1,0,0,0,0,0,0.0006632094674072167,0.0,0.00194812666850775,0.0006181150081315999,0.0,0.0
set2,warnings_checker_framework,PBU,True,4,4,3,0,0,0,0.03584154765035122,0.0032192414946398,0.015181969749915699,0.04404234014267836,0.014136280047808751,0.017788005822146475,2,2,2,2,0,0,0,0,-0.0035937448994914165,-0.00332749019070175,0.00020090291243117498,-0.0016991630269438003,-0.0036238909454139505,0.004893795170103949
set2,warnings_checker_framework,PBU,False,2,1,1,0,0,0,-0.00543049814175365,-0.001470234282655,7.65835736355e-05,-0.0051533405307171995,-0.0019574770231863,-0.000144986714482675,4,4,4,0,1,1,1,0,0.0039394905973435335,0.0028508333822981,0.004811876921871575,0.004135737182625933,0.0018386313336074501,0.0042589654699649255
set2,warnings_checker_framework,ABU50,True,5,5,5,1,1,1,0.014215059495884167,0.0119976896728121,0.02451350030590595,0.009912914968444932,0.0095369689592406,0.010982381235219375,4,3,3,6,1,1,1,2,0.0018468948746725832,0.0049537037037036,0.007201178451178399,0.005454545454545434,0.00729797979797985,0.017133838383838276
set2,warnings_checker_framework,ABU50,False,5,4,4,1,1,1,0.049620623069824066,0.0161594854102725,0.03253775469081922,0.04735403988913369,0.013176391862744701,0.031223486802146025,4,3,3,2,2,2,2,2,-0.0013172064560953997,0.006663059163059,0.0096401515151514,-0.004132996632996634,0.00118686868686865,0.0071843434343433505
set2,warnings_checker_framework,BD50,True,1,1,1,0,0,0,-0.003440596553563584,-0.0058924676365979005,-0.0002956121530062,-0.0002631732739146522,-0.007548890037705,-0.0001539706388775545,1,2,1,2,0,0,0,0,-0.004682194017408616,-0.0055559870661878496,-0.00029637588603495003,-0.007313242198287717,-0.00644533047960965,0.000297742336371225
set2,warnings_checker_framework,BD50,False,1,2,1,0,0,0,-0.004285424499456221,-0.0041941972104874,0.0,-0.0037221653668854807,0.0,0.0083402835696413,1,2,1,2,0,0,0,0,-0.0030016109730276403,-0.0019787351560341,0.0,-0.00288559790113226,0.0,0.0013791079812206
set2,warnings_infer,PBU,True,2,2,2,0,0,0,0.019339112305778946,-0.0027437175374772998,0.0018789972960899502,0.02578072132671072,-0.00328210231300215,0.0016194532488111749,1,2,1,2,0,0,0,0,-0.0007709538866872831,-0.00348796443190945,-0.001408817596020075,0.001056662161897483,-0.005167264038231751,-3.9661554733025003e-05
set2,warnings_infer,PBU,False,1,0,0,0,0,0,-0.004454427171514633,-0.00353800622871815,-0.0006887052341598,-0.00411361932789745,-0.0027682472174034,-0.0006887052341598,2,0,0,0,0,0,0,0,-0.00338446374593475,-0.00269135476036585,0.000412186379928225,-0.0043396759177650665,-0.00327207826546795,-0.00029036175255105
set2,warnings_infer,ABU50,True,4,3,3,0,0,0,0.007308943535717034,0.0026661254406109497,0.017336022261756175,0.0005534119844052988,0.00020007868461319997,0.016596537815232702,4,4,4,4,0,0,0,0,0.0011367377478489007,0.0023383838383838,0.005906986531986525,-0.000273569023569067,0.0017929292929292498,0.008251262626262499
set2,warnings_infer,ABU50,False,4,3,3,1,1,1,-0.015338266527021367,0.00229350896094935,0.010125470168911126,-0.01816494640660565,0.0026142704195577003,0.007435778494826025,5,3,3,2,0,0,0,0,0.0012522847522847503,0.0029444444444443997,0.00478535353535345,-0.0015614478114477834,0.00103535353535355,0.004494949494949425
set2,warnings_infer,BD50,True,2,2,2,1,1,1,-0.01391475584587675,-0.00077269173245065,0.00036271437955755,-0.0016793782863579836,-0.0007928118393234,0.00108814313867265,4,2,2,4,1,1,1,2,0.001983197295610983,0.0006391919052440001,0.00273113627297545,0.0013922450826966502,-0.00056038847463865,0.00155516431924875
set2,warnings_infer,BD50,False,1,1,1,0,0,0,-0.0015343073977774203,-0.0042735042735042,0.0,-0.0032905340035811804,0.0,0.0,1,1,1,2,0,0,0,0,-0.0017870523796372402,-0.0015327257663628,0.0,-0.0017300699622571803,0.0,0.0
set2,warnings_openjml,PBU,True,2,4,2,0,0,0,0.002424302565376966,-0.0008325971543673,0.003383493683835375,0.03166729115762649,0.0046061907182325,0.009619934851674899,4,4,4,2,1,1,1,0,0.003800316079974083,0.00387026591195455,0.006657294555011775,0.00469662991036155,0.0050029868578255,0.0088368147364708
set2,warnings_openjml,PBU,False,1,1,1,0,0,0,-0.007189464960190767,-0.0059971286816703,-0.001365305433371975,-0.0075457861658823,-0.00585472268297965,-0.00129410243402665,3,3,3,2,0,0,0,0,0.0019411923601725999,0.00111688896723265,0.006026873151575674,0.0013436779808187833,0.00111688896723265,0.0065969161917072494
set2,warnings_openjml,ABU50,True,2,2,2,0,0,0,-0.003988554307114517,-0.0071861346914343,0.004799272146566475,-0.007408979314530617,-0.0066231136920792,0.0015166520517173494,3,3,3,4,1,1,1,0,0.0018347763347763167,0.0003906926406926501,0.006415043290043275,0.001540404040404,-0.0012626262626264,0.005580808080808025
set2,warnings_openjml,ABU50,False,3,3,3,1,1,1,0.0369386262404839,0.0063716597568818,0.015085771452276926,0.03518893275032391,0.00522497344169435,0.010680623831928625,2,2,2,2,1,1,1,2,-0.0051679292929293005,-6.944444444445e-05,0.00015151515151515,-0.00561026936026935,-0.0005681818181818,0.00015151515151515
set2,warnings_openjml,BD50,True,4,4,4,1,1,1,-0.015764668305117118,0.0021626792222796502,0.0068521848409613,-0.00635459293378465,0.0050443225998147,0.012332779061702225,5,5,5,8,1,1,1,2,0.004159921402050616,0.00593518628108515,0.0084215567095383,0.004158899475283033,0.0036505799502899,0.009660803875540726
set2,warnings_openjml,BD50,False,3,2,2,0,0,0,0.00898501630616316,0.0030492109408376,0.017649628658803,0.008519055269814479,0.0,0.017649628658803,3,2,2,2,0,0,0,0,0.00191784037558686,0.0003663812943017,0.0017156862745098,0.00203235754395654,0.0,0.0017156862745098
set2,warnings_typestate_checker,PBU,True,5,6,5,1,1,1,0.019593369861554702,0.006356494176208399,0.016769902859377576,0.029966970303558146,0.0163545039829184,0.021836878323428073,5,5,5,6,0,0,0,0,0.0060784617679607,0.00608408871379665,0.010615257737150875,0.011006571087216116,0.0088841882601796,0.0202554253089682
set2,warnings_typestate_checker,PBU,False,0,0,0,0,0,0,-0.007726577235053517,-0.00881247342608015,-0.0022921496475422,-0.007821298439986017,-0.00744024474427515,-0.0020057131550509,2,1,1,0,0,0,0,0,-0.0043531956658462165,-0.0002218721233131,0.00014184514366305,-0.005423840021936267,-0.00170250896057345,-0.00034348864994025
set2,warnings_typestate_checker,ABU50,True,3,2,2,1,1,1,-0.00985974439924695,-0.0041716890451892995,0.0121447398280276,-0.009068414047878483,-0.0009127115831397,0.009018137541379501,3,2,2,2,1,1,1,2,-0.001955176767676734,0.00026409932659940015,0.0075369318181818246,0.0008670033670032997,-0.001969696969697,0.006704545454545425
set2,warnings_typestate_checker,ABU50,False,1,2,1,0,0,0,-0.014915387824437621,-0.0050695784630477,-0.0017126758014542,-0.01930604810695514,-0.0146991665715263,0.0016339869281045,2,2,2,2,1,1,1,0,-0.00299704184704186,-0.0010984848484849,0.0053679653679654,-0.0030454545454545604,-0.004469696969697,0.0094949494949493
set2,warnings_typestate_checker,BD50,True,4,6,4,0,0,0,-0.00014417817139068326,0.0012227361375795,0.001647197931042375,0.003068154409360617,0.0024106776842754,0.0036213147904168496,5,6,5,6,0,0,0,0,0.0016514103685292332,0.001764015465341,0.00257410475927455,0.0032719053975267,0.0031396713615023,0.0040140557396666
set2,warnings_typestate_checker,BD50,False,3,2,2,0,0,0,0.00886748824754248,0.005866959029417,0.017649628658803,0.0056412335953666595,0.0,0.017649628658803,3,2,2,2,0,0,0,0,0.00178809695500524,0.0012898012621845,0.0017156862745098,0.0008183742980760196,0.0,0.0017156862745098
set2,warning_sum,PBU,True,5,6,5,0,0,0,0.03286899299084923,0.00811626168843905,0.01058278842635895,0.052672938500261064,0.0111818107686341,0.018343509267665876,6,5,5,6,0,0,0,0,0.007103503885531749,0.0046191837880538,0.006585205424003175,0.006109756416031616,0.0057164051941945,0.007673409130971175
set2,warning_sum,PBU,False,0,0,0,0,0,0,-0.0077122395812687,-0.00798419592034705,-0.0028811704798153747,-0.006681595897778733,-0.0069761472603429,-0.0030498365431136,1,1,1,0,0,0,0,0,-0.004395973874204084,-0.0031682727148089,-0.0006533139432399,-0.003661430688576767,-0.00274913332158175,-0.000443744246626325
set2,warning_sum,ABU50,True,4,4,4,0,0,0,0.004351004370107585,0.0097383801269214,0.0151150949611766,0.000538477602460318,0.0075353074146909,0.018891177352318,3,3,3,6,1,1,1,0,4.412177328838295e-05,-0.00132407407407405,0.01179166666666655,-0.0001473063973063994,-0.0034217171717171,0.010208333333333375
set2,warning_sum,ABU50,False,3,2,2,0,0,0,-0.007528256463677383,-0.00111576517747545,0.00189829976866215,-0.008605971358451182,-0.00187731585898545,0.0014563599925347,2,1,1,0,0,0,0,0,-0.004783155630377834,-0.0040012626262627,0.000303661616161525,-0.0062542087542087005,-0.007790404040404,-0.001249999999999875
set2,warning_sum,BD50,True,3,3,3,1,1,1,-0.010326281760597598,-0.0037185474569247996,0.006354343502866625,-0.019361369770122868,-0.0018032592920242002,0.0057603068363381,3,3,3,6,1,1,1,2,-0.0012302911514109835,0.00083463745435575,0.0062801338258307755,-0.0008904461628156668,0.0009084737181258003,0.006064594264935925
set2,warning_sum,BD50,False,1,1,1,0,0,0,-0.00249585158309878,-0.0020581691036236,0.0,-0.0026527248446061,-0.0020581691036236,0.0,1,1,1,2,0,0,0,0,-0.0023915124735339804,-0.0027179416367485,0.0,-0.00234603700635184,-0.0020539906103286,0.0
set3,warnings_checker_framework,PBU,True,2,2,2,0,0,0,0.00451891725931272,-0.0009075140246985,0.0144334341563394,0.006117935466705439,-0.0017382683725148,0.0144334341563394,3,2,1,2,0,0,0,0,-0.0009563804506074799,0.0002961151262313,0.0006172839506173,-0.0002190688837965799,-0.0009690150224259,0.0002458037095794
set3,warnings_checker_framework,PBU,False,3,3,3,2,2,2,-0.0002672911113514169,0.00026032479122635,0.00337476260604065,0.0017386536719889666,0.0007272830985112,0.003700329224696525,5,4,4,4,1,1,1,2,0.007452425629597667,0.00353512169405435,0.0056226782484934,0.007906930815885466,0.00315113500597365,0.008751493428912701
set3,warnings_checker_framework,ABU50,True,5,5,5,0,0,0,0.0066927755023647095,0.00487966687674235,0.008858341817700526,0.01071869405754425,0.0074461242191948,0.017788728806088026,4,4,4,6,1,1,1,0,0.011174055368499766,0.0111287878787878,0.01652777777777765,0.008813131313131266,0.008484848484848399,0.0156881313131312
set3,warnings_checker_framework,ABU50,False,5,5,5,0,0,0,0.0276645356891768,0.0030816701105944,0.01267980428853585,0.0345031116514122,0.0042673917613231,0.013513735126984125,5,5,5,8,0,0,0,0,0.005083296590241,0.0026414141414141503,0.0094015151515151,0.0077398989898989,0.00508838383838375,0.010340909090908975
set3,warnings_checker_framework,BD50,True,0,1,0,0,0,0,-0.016897232106186082,-0.01662905347289485,-0.008680679902173749,-0.01890534709099685,-0.01772050219788955,-0.016460161704319798,0,1,0,0,0,0,0,0,-0.016146340339300364,-0.012633361899793801,-0.009616537277404351,-0.01831177697996258,-0.0168283393169474,-0.013674859615207575
set3,warnings_checker_framework,BD50,False,3,2,2,0,0,0,0.01868356309550208,0.0012343152728575,0.0033960292580981,0.01843670004093058,0.0,0.0033960292580981,2,2,2,4,0,0,0,0,0.0013272773898291596,0.0,0.0027777777777777,0.0014468839178863797,0.0,0.0027777777777777
set3,warnings_infer,PBU,True,3,2,2,0,0,0,8.288949289156008e-05,0.0001027715221683,0.0039168113668015,-0.0017133705130035998,-0.0025364274150024,0.0039168113668015,2,1,1,0,0,0,0,0,-0.0031398894046523176,-0.0052270011947431,1.1102230246251563e-16,-0.00435630765614904,-0.0040890573280844,0.0
set3,warnings_infer,PBU,False,1,1,0,0,0,0,-0.0038686268573370664,-0.00062266888986075,0.0,-0.0012523784799745499,0.0,0.0,1,0,0,0,0,0,0,0,-0.0030539641968779833,-0.00099761051373955,0.0,-0.0027230187176423663,-0.0003584229390681,0.0
set3,warnings_infer,ABU50,True,2,3,2,0,0,0,0.012408547852661801,-0.00180760923259625,0.00969831090025895,0.008667265663869134,-0.0009181763671698501,0.010192550705529276,3,3,3,2,0,0,0,0,0.002673774784885917,-0.00051767676767675,0.0078577441077441,0.0010690235690235667,-0.00047979797979805005,0.0036047979797979
set3,warnings_infer,ABU50,False,4,2,2,0,0,0,0.029830105295712384,0.00060004244687315,0.007619241862553826,0.019178395636362634,-0.0008049357793074,0.007346870033321625,2,3,2,2,0,0,0,0,0.0016261557372668665,-0.0007550505050505001,0.0072303391053391754,0.0031144781144781496,3.787878787884992e-05,0.0100694444444444
set3,warnings_infer,BD50,True,1,1,1,1,1,1,-0.007387159953320818,-0.0071737643088606,-0.000988607967899425,-0.00708609029281525,-0.00644327402493035,-0.0008836331814204,1,1,1,2,1,1,1,2,-0.0078788040059529,-0.00893500299180695,-0.001661531690140825,-0.010463749271226501,-0.010246363803737401,-0.00231721209610605
set3,warnings_infer,BD50,False,3,3,3,0,0,0,0.03243044494542422,0.0020119533700218,0.0113636363636364,0.03182616965747466,0.0020119533700218,0.0113636363636364,3,3,3,4,0,0,0,0,0.00795171683696954,0.0014084507042253,0.0072712418300654,0.00758446101445274,0.0014084507042253,0.0072712418300654
set3,warnings_openjml,PBU,True,2,2,2,0,0,0,-0.009534634459313202,-0.0052011047273294,0.0056282713599975,-0.010179824653507781,-0.0068907502863688,0.0016697980481973,1,2,1,2,0,0,0,0,-0.0037389738079849203,-0.0034524439072296,-0.0013722408288775,-0.0030911530250505,-0.0038701843038174,0.0015629590457723
set3,warnings_openjml,PBU,False,1,2,1,0,0,0,-0.0039436805768332,-0.00066703675094315,0.0,-0.0007704098899598334,0.0,0.0015808032512549999,3,4,3,2,0,0,0,0,0.003209734894800066,0.0019483126701529,0.0061351948382619495,0.003496908683758633,0.00137395459976105,0.00332569481168095
set3,warnings_openjml,ABU50,True,3,4,3,0,0,0,-0.004385902700748518,-0.0007478910412928499,0.0031784955608987753,0.003928150499484517,0.0007666890393317,0.0033020584233496254,4,5,3,2,0,0,0,0,0.002940516273849584,0.0010648148148148,0.001676767676767525,0.0009385521885521513,0.0012121212121212,0.001881313131313075
set3,warnings_openjml,ABU50,False,2,2,2,1,1,1,0.026978586892072814,-2.2566487710151684e-05,0.0017931616073261249,0.016424601213662567,-0.00148542865226815,0.0017335866019056,2,3,2,4,0,0,0,0,0.0015408716797605836,-0.0004242424242424,0.000827020202020125,0.001750841750841767,5.050505050505e-05,0.000877525252525225
set3,warnings_openjml,BD50,True,1,2,1,0,0,0,-0.003759489398107916,-0.00453646737318605,-0.001746019561782875,-0.003064313147724866,-0.00379369704555975,0.0007513616974469499,1,1,1,2,0,0,0,0,-0.003396559306212467,-0.00405990773983045,-0.002248515603424425,-0.008150756390192967,-0.007955330019331651,-0.003715306545153225
set3,warnings_openjml,BD50,False,4,3,3,0,0,0,0.029474510474171118,0.0129449208414631,0.0310567409040557,0.024452380299258343,0.0151291372975426,0.0310567409040557,4,3,3,4,0,0,0,0,0.005350754855933,0.0048715824357911,0.0106830525637486,0.0048876921660682806,0.0062287121421337,0.0106830525637486
set3,warnings_typestate_checker,PBU,True,2,2,2,1,1,1,-0.11139195753449177,-0.01042645132035395,0.005710112174859051,-0.10985360732696507,-0.0107268223740788,0.0102067461292701,3,3,3,4,0,0,0,0,-0.0006298694150629166,-0.0016185613899932498,0.00515766488108045,-0.0005090715605435,-0.0004086119435142005,0.0075150077364514
set3,warnings_typestate_checker,PBU,False,2,2,2,2,2,2,-0.003959653125766567,0.0,0.0024521331286575,-0.0015641744361375172,0.0,0.001703482935951225,2,1,1,2,0,0,0,0,0.0003453488620924166,0.0,0.001883776955167725,-0.001984301858706883,-0.00100696280627525,0.0
set3,warnings_typestate_checker,ABU50,True,4,4,4,3,3,3,0.019804433072035915,0.007337247886322449,0.02593502919513865,0.008881003796818018,0.00693283639685485,0.018203246998321376,5,5,5,8,3,3,3,6,0.011899644594088982,0.01564754689754675,0.016805555555555525,0.014368686868686817,0.011515151515151398,0.0208775252525252
set3,warnings_typestate_checker,ABU50,False,3,3,3,1,1,1,0.02195545416146298,0.00296038555260905,0.02303937380126265,0.011413211126152019,-0.0022183832708827502,0.019683644968068577,4,4,4,6,0,0,0,0,0.009576960076960116,0.0119011544011544,0.0134568903318904,0.009368686868686851,0.010909090909090851,0.011313131313131275
set3,warnings_typestate_checker,BD50,True,4,4,4,1,1,1,0.004154503440428667,0.00513353154025565,0.01105048958865535,0.00592467872148705,0.00724850129971455,0.01408522285455125,4,4,4,8,1,1,1,2,0.0052547515485066665,0.0051692781964113995,0.0107624607941767,0.004031555893092749,0.00717659716468745,0.013790360627819125
set3,warnings_typestate_checker,BD50,False,2,1,1,0,0,0,0.00963434518457182,-0.011307005586911,0.000974113381669,0.009303422807217961,-0.011307005586911,0.0,1,1,1,2,0,0,0,0,-0.00276399245144058,-0.0089478044739023,-0.0003182822424744,-0.00364194973764148,-0.0089478044739023,0.0
set3,warning_sum,PBU,True,2,2,2,1,1,1,-0.06015500184991873,-0.01294709724982205,0.0077734578238622,-0.062183785585787806,-0.01097908931348845,0.0014562629627038002,1,2,1,2,0,0,0,0,-0.00491910185348405,-0.00437660359989815,-0.000570808116418925,-0.003867980884109933,-0.00114161623283785,0.000318394147717275
set3,warning_sum,PBU,False,1,2,1,0,0,0,-0.0031118148092442164,-0.0003259166649358,0.0,-0.0013174369980109499,0.0,0.001254930668005875,1,2,1,0,0,0,0,0,0.00017952566086275006,-0.00011604677125555,0.0,0.0013773005333908,0.0,0.00133931194547265
set3,warning_sum,ABU50,True,4,4,4,1,1,1,0.011890997938627168,0.00554665376100915,0.011305450252827224,0.021429667544309295,0.011071761998597749,0.01439776583229205,4,5,4,6,1,1,1,2,0.00683280222863555,0.006621212121212101,0.013608405483405351,0.005143097643097617,0.00565656565656565,0.008226010101010076
set3,warning_sum,ABU50,False,2,1,1,0,0,0,0.001641463026424283,-0.00685799236571245,0.00493475369151705,-0.008758886097473733,-0.0074509198241659,-0.0058110781633746,2,3,2,0,0,0,0,0,-0.00018854216770876675,-0.0035443722943721,0.003833874458874525,0.000989057239057283,0.0,0.005157828282828275
set3,warning_sum,BD50,True,2,2,2,0,0,0,-0.0022019948569023838,-0.00473933635902305,0.0051610522388937504,-0.0027998913329622334,-0.00417264578142725,0.002989762242407075,3,2,2,4,0,0,0,0,0.0006854834069778165,-0.00173707002362755,0.010007115130872475,-0.0022947735432201338,-0.00463528721347695,0.0019865311147932744
set3,warning_sum,BD50,False,2,2,2,1,1,1,0.010509245201232097,-0.0053513215455099,0.0073593860125753,0.0139499326674591,0.0,0.0052700922266138,2,1,1,2,0,0,0,0,-0.0022004357298474808,-0.0019201264230261,0.0013209978827211,-0.00201325600662798,-0.0004476203626991,0.0
set4,warnings_checker_framework,PBU,True,2,2,2,0,0,0,0.03400493683488517,0.0,0.002663125599354375,0.037492322979409985,0.0,0.002663125599354375,3,3,3,2,0,0,0,0,0.0028424068887423003,0.00149281685175385,0.0051277044936703245,0.0023104895835373332,0.0013107899014827,0.0029161035705191247
set4,warnings_checker_framework,PBU,False,1,1,1,1,1,1,0.0013685341697366501,0.0,0.0,5.020940847765013e-05,0.0,0.0,2,2,2,2,0,0,0,0,0.0009526234451318,0.0,0.001926523297490925,-0.00028644456196015,0.0,0.00170250896057355
set4,warnings_checker_framework,ABU50,True,2,2,2,0,0,0,0.055372446719714565,0.0,0.00010061261905830002,0.07917468958836331,0.0,0.00010061261905830002,0,0,0,0,0,0,0,0,-0.00273737373737375,-0.0032777777777778,-0.000787878787878775,-0.0018813131313131,-0.0011363636363636,0.0
set4,warnings_checker_framework,ABU50,False,3,2,2,1,1,1,-0.023188602593173305,0.00039393939393935,0.001479704030716975,-0.02258572264910767,0.0,0.0012827343337473,2,1,1,2,1,1,1,2,-0.001314908342686133,0.0,0.0020606060606061,-0.0017718855218855332,0.0,0.0
set4,warnings_checker_framework,BD50,True,2,2,2,1,1,1,0.006458897028756051,0.0,0.007731105541758975,-0.0007041811345613337,0.0,0.00215532347211735,1,1,1,2,1,1,1,2,-0.0014455366458007001,-0.0003663045813004,0.0,-0.0022797186167111505,-0.00239315796741235,0.0
set4,warnings_checker_framework,BD50,False,0,0,0,0,0,0,-0.02099322607841752,-0.0035772357723577,-0.0030170620058259,-0.0204688380742252,-0.0030170620058259,0.0,0,0,0,0,0,0,0,0,-0.0027604713246800598,-0.0015405504924974,-0.0014297385620914,-0.00314254809905178,-0.0027777777777777,-0.0021028951486697
set4,warnings_infer,PBU,True,2,3,2,0,0,0,0.03521231291662407,0.0,0.00099236641221375,0.041244846400566255,5.735786720473257e-06,0.0009952343055739867,2,2,2,0,0,0,0,0,-0.0009017971199944334,0.0,0.0006048387096774,0.00067644985016745,0.0,0.0006048387096774
set4,warnings_infer,PBU,False,2,2,2,1,1,1,0.0025463853163446835,0.0,0.0008416138053735,0.0011879759430601666,0.0,0.0008416138053735,2,2,2,2,0,0,0,0,0.0006464180556371501,0.0,0.0006048387096773251,-0.0005066233164241167,0.0,0.0006048387096773251
set4,warnings_infer,ABU50,True,3,2,2,0,0,0,0.05347852213378384,0.00017267749569185,0.000445206231558175,0.07865472422872387,0.0,0.0006944173716423,2,1,1,0,0,0,0,0,0.0010794051627384669,0.0,0.001613636363636175,-0.0003577441077441,0.0,0.0
set4,warnings_infer,ABU50,False,0,1,0,0,0,0,-0.01883191816573489,-7.856937932948114e-05,-5.355054409905691e-07,-0.0184830547506551,-7.74983684475e-05,0.0,2,3,2,0,0,0,0,0,-0.0008015338570894268,0.0,1.893939393940447e-05,-0.0009132996632996888,1.2626262626214135e-05,2.5252525252511537e-05
set4,warnings_infer,BD50,True,2,2,2,0,0,0,0.0044868694045229,0.0,0.0037311535428169503,0.0008407095764000833,0.0,0.0018197870417244,1,1,1,2,0,0,0,0,-0.0011282516723434167,0.0,0.0,2.780846297833287e-06,0.0,0.0
set4,warnings_infer,BD50,False,1,1,1,0,0,0,-0.01986258913890702,-0.0017653890824622,0.0,-0.01961349888823862,0.0,0.0,1,1,1,0,0,0,0,0,-0.0017288699517365401,-0.000595238095238,0.0,-0.0024729586670349203,0.0,0.0
set4,warnings_openjml,PBU,True,1,1,1,0,0,0,0.07210888250246451,0.0,0.0,0.04829587099411573,0.0,0.0,3,4,3,2,0,0,0,0,0.0030894800582355626,3.3051295610375675e-06,0.004091199541688744,0.003559338908801278,0.0016459545214172861,0.0049092191080557755
set4,warnings_openjml,PBU,False,1,1,1,1,1,1,0.0018566409514249166,0.0,0.0,0.0002744686832988998,0.0,0.0,2,2,2,2,0,0,0,0,0.00110275035744365,0.0,0.00078405017921145,-3.868225708521664e-05,0.0,0.00078405017921145
set4,warnings_openjml,ABU50,True,2,1,1,0,0,0,0.05324858893836184,0.0,0.00084240090399645,0.07897216523002204,-0.000540220754858,0.0,1,1,1,0,0,0,0,0,-0.00047619047619048335,-0.00046897546897545,0.0,0.00037037037037036645,0.0,0.0
set4,warnings_openjml,ABU50,False,3,4,3,0,0,0,0.024906893220107054,0.0003571413759804,0.0017124859808901752,0.025664539004393735,0.0013354952955107,0.003218175535939825,3,3,3,4,1,1,1,0,0.00107482229704445,0.000580808080808,0.0018434343434340999,0.0005639730639729999,0.000580808080808,0.0018434343434340999
set4,warnings_openjml,BD50,True,3,1,1,1,0,0,0.0035549648575779833,0.000546357615894,0.00386142118844955,-0.0010450524972668857,-0.0003035885133748,0.0,2,2,2,2,1,1,1,0,-0.0008170235251986501,-0.0007042253521127,0.0008425245098038499,-0.0025474469913161165,0.0,0.00041899682408175
set4,warnings_openjml,BD50,False,1,1,1,0,0,0,-0.01996959781772158,-0.0014406761800186,0.0,-0.01845775753370788,0.0,0.0,1,1,1,0,0,0,0,0,-0.0022606394540079797,-0.0005679319197683,0.0,-0.00259090490656358,0.0,0.0
set4,warnings_typestate_checker,PBU,True,3,3,3,0,0,0,0.0760941813392939,0.0006163418834458,0.0014752904882531,0.04985597782506113,0.00060222873593975,0.001671369603571975,2,2,2,2,0,0,0,0,0.0005356866943916833,-8.732070692235e-05,0.0006114489687996,0.0004375012241221167,-0.000290361752551,0.0008659439450027249
set4,warnings_typestate_checker,PBU,False,1,1,1,0,0,0,-0.0003770764382315167,0.0,0.0,-0.0014075669439550336,0.0,0.0,0,0,0,0,0,0,0,0,-0.0020561170195402497,-0.0016183505689719,0.0,-0.002338562782772183,-0.00153823178016725,0.0
set4,warnings_typestate_checker,ABU50,True,1,2,1,0,0,0,0.05272339709210874,-0.0012368052959125,-0.000204264298441725,0.07865629187371903,0.0,0.001462133098419,1,1,0,0,0,0,0,0,0.0006481481481481333,-0.00121717171717175,-0.000275252525252575,-0.0018644781144780732,-0.0011363636363635838,-1.2626262626241893e-05
set4,warnings_typestate_checker,ABU50,False,0,1,0,0,0,0,-0.0291602954025007,-0.0018633854474764,-0.0008665597079008,-0.02833956531270583,-0.0004674747592184,0.0,2,3,2,0,0,0,0,0,-0.0008287504676393502,-0.000232884399551,0.000858585858585825,-0.001759259259259312,1.2626262626214135e-05,0.00030934343434340706
set4,warnings_typestate_checker,BD50,True,2,1,1,1,1,1,0.004152069581037833,-0.00082464048870535,0.00814679773206385,-0.0009865738022816503,-0.00129098308361815,-0.001131361907794875,1,2,1,2,1,1,1,2,-0.001390029462054283,-0.0017377412623891001,-0.00138970396452785,-0.0017499194513486166,-0.001736111111111,0.00043812712878575004
set4,warnings_typestate_checker,BD50,False,2,2,2,0,0,0,-0.019068545954308968,0.0,4.128809477765838e-05,-0.01623512132275387,0.0,4.128809477765838e-05,1,1,1,2,0,0,0,0,-0.00213989382920616,-0.0003463592009573,0.0,-0.00164745005983612,-0.0003463592009573,0.0
set4,warning_sum,PBU,True,5,4,4,0,0,0,0.0691559037945191,0.0021711480939006,0.0034556242038869247,0.050642780758311946,0.000876437650545,0.0025582305221161753,5,4,4,6,1,1,1,0,0.0027345689893430495,0.0017766091492515,0.004927417722675925,0.003294275678816483,0.0010999960828094,0.0056873935013807995
set4,warning_sum,PBU,False,1,1,1,1,1,1,0.0011762566441516334,0.0,0.0,-0.0007048935117915668,0.0,0.0,1,0,0,0,0,0,0,0,-0.0007349803720771666,0.0,0.0,-0.0014624178206057332,0.0,0.0
set4,warning_sum,ABU50,True,2,1,1,0,0,0,0.053117295834315965,-0.00025726522935515,6.499788114749938e-05,0.07499957785783354,-0.00130288960612125,-0.00032491376432625,2,0,0,0,0,0,0,0,-0.000946408529741883,-0.0013585858585858,0.001068181818181725,-0.00194865319865315,-0.0015909090909091,-0.000751262626262575
set4,warning_sum,ABU50,False,2,2,2,1,1,1,-0.024141099105855105,-5.446326452805e-05,0.0002907311209125,-0.023393607494175822,-0.0001089265290561,0.001969570481780625,3,2,2,2,0,0,0,0,-0.0013215488215488167,0.00029040404040405,0.00158459595959595,-0.0017466329966330165,0.0,0.0008143939393938
set4,warning_sum,BD50,True,2,3,2,0,0,0,0.004645020954808483,-8.644491598105e-05,0.0025744093406259,-0.0014298864379499003,0.0006407044169232,0.002332056301952625,1,2,1,2,0,0,0,0,-0.0011356066074490834,-0.00131016217128475,-0.000302968409586025,-0.0009938169320936668,-0.0003472222222222,0.000380160867163725
set4,warning_sum,BD50,False,2,1,1,0,0,0,-0.01918224875562198,0.0,0.0023299656941428,-0.01951547844056382,0.0,0.0,2,2,2,0,0,0,0,0,-0.0016593738173411997,0.0,0.0010711692084242,-0.0024520160176747,0.0,0.0003267973856209
